--
-- PostgreSQL database dump
--

-- Dumped from database version 17.5 (Debian 17.5-1)
-- Dumped by pg_dump version 17.5 (Debian 17.5-1)

SET statement_timeout = 0;
SET lock_timeout = 0;
SET idle_in_transaction_session_timeout = 0;
SET transaction_timeout = 0;
SET client_encoding = 'UTF8';
SET standard_conforming_strings = on;
SELECT pg_catalog.set_config('search_path', '', false);
SET check_function_bodies = false;
SET xmloption = content;
SET client_min_messages = warning;
SET row_security = off;

SET default_tablespace = '';

SET default_table_access_method = heap;

--
-- Name: auth_group; Type: TABLE; Schema: public; Owner: -
--

CREATE TABLE public.auth_group (
    id integer NOT NULL,
    name character varying(150) NOT NULL
);


--
-- Name: auth_group_id_seq; Type: SEQUENCE; Schema: public; Owner: -
--

ALTER TABLE public.auth_group ALTER COLUMN id ADD GENERATED BY DEFAULT AS IDENTITY (
    SEQUENCE NAME public.auth_group_id_seq
    START WITH 1
    INCREMENT BY 1
    NO MINVALUE
    NO MAXVALUE
    CACHE 1
);


--
-- Name: auth_group_permissions; Type: TABLE; Schema: public; Owner: -
--

CREATE TABLE public.auth_group_permissions (
    id bigint NOT NULL,
    group_id integer NOT NULL,
    permission_id integer NOT NULL
);


--
-- Name: auth_group_permissions_id_seq; Type: SEQUENCE; Schema: public; Owner: -
--

ALTER TABLE public.auth_group_permissions ALTER COLUMN id ADD GENERATED BY DEFAULT AS IDENTITY (
    SEQUENCE NAME public.auth_group_permissions_id_seq
    START WITH 1
    INCREMENT BY 1
    NO MINVALUE
    NO MAXVALUE
    CACHE 1
);


--
-- Name: auth_permission; Type: TABLE; Schema: public; Owner: -
--

CREATE TABLE public.auth_permission (
    id integer NOT NULL,
    name character varying(255) NOT NULL,
    content_type_id integer NOT NULL,
    codename character varying(100) NOT NULL
);


--
-- Name: auth_permission_id_seq; Type: SEQUENCE; Schema: public; Owner: -
--

ALTER TABLE public.auth_permission ALTER COLUMN id ADD GENERATED BY DEFAULT AS IDENTITY (
    SEQUENCE NAME public.auth_permission_id_seq
    START WITH 1
    INCREMENT BY 1
    NO MINVALUE
    NO MAXVALUE
    CACHE 1
);


--
-- Name: auth_user; Type: TABLE; Schema: public; Owner: -
--

CREATE TABLE public.auth_user (
    id integer NOT NULL,
    password character varying(128) NOT NULL,
    last_login timestamp with time zone,
    is_superuser boolean NOT NULL,
    username character varying(150) NOT NULL,
    first_name character varying(150) NOT NULL,
    last_name character varying(150) NOT NULL,
    email character varying(254) NOT NULL,
    is_staff boolean NOT NULL,
    is_active boolean NOT NULL,
    date_joined timestamp with time zone NOT NULL
);


--
-- Name: auth_user_groups; Type: TABLE; Schema: public; Owner: -
--

CREATE TABLE public.auth_user_groups (
    id bigint NOT NULL,
    user_id integer NOT NULL,
    group_id integer NOT NULL
);


--
-- Name: auth_user_groups_id_seq; Type: SEQUENCE; Schema: public; Owner: -
--

ALTER TABLE public.auth_user_groups ALTER COLUMN id ADD GENERATED BY DEFAULT AS IDENTITY (
    SEQUENCE NAME public.auth_user_groups_id_seq
    START WITH 1
    INCREMENT BY 1
    NO MINVALUE
    NO MAXVALUE
    CACHE 1
);


--
-- Name: auth_user_id_seq; Type: SEQUENCE; Schema: public; Owner: -
--

ALTER TABLE public.auth_user ALTER COLUMN id ADD GENERATED BY DEFAULT AS IDENTITY (
    SEQUENCE NAME public.auth_user_id_seq
    START WITH 1
    INCREMENT BY 1
    NO MINVALUE
    NO MAXVALUE
    CACHE 1
);


--
-- Name: auth_user_user_permissions; Type: TABLE; Schema: public; Owner: -
--

CREATE TABLE public.auth_user_user_permissions (
    id bigint NOT NULL,
    user_id integer NOT NULL,
    permission_id integer NOT NULL
);


--
-- Name: auth_user_user_permissions_id_seq; Type: SEQUENCE; Schema: public; Owner: -
--

ALTER TABLE public.auth_user_user_permissions ALTER COLUMN id ADD GENERATED BY DEFAULT AS IDENTITY (
    SEQUENCE NAME public.auth_user_user_permissions_id_seq
    START WITH 1
    INCREMENT BY 1
    NO MINVALUE
    NO MAXVALUE
    CACHE 1
);


--
-- Name: authentication_customuser; Type: TABLE; Schema: public; Owner: -
--

CREATE TABLE public.authentication_customuser (
    id bigint NOT NULL,
    password character varying(128) NOT NULL,
    last_login timestamp with time zone,
    is_superuser boolean NOT NULL,
    email character varying(254) NOT NULL,
    username character varying(150) NOT NULL,
    phone character varying(15),
    is_active boolean NOT NULL,
    is_staff boolean NOT NULL
);


--
-- Name: authentication_customuser_groups; Type: TABLE; Schema: public; Owner: -
--

CREATE TABLE public.authentication_customuser_groups (
    id bigint NOT NULL,
    customuser_id bigint NOT NULL,
    group_id integer NOT NULL
);


--
-- Name: authentication_customuser_groups_id_seq; Type: SEQUENCE; Schema: public; Owner: -
--

ALTER TABLE public.authentication_customuser_groups ALTER COLUMN id ADD GENERATED BY DEFAULT AS IDENTITY (
    SEQUENCE NAME public.authentication_customuser_groups_id_seq
    START WITH 1
    INCREMENT BY 1
    NO MINVALUE
    NO MAXVALUE
    CACHE 1
);


--
-- Name: authentication_customuser_id_seq; Type: SEQUENCE; Schema: public; Owner: -
--

ALTER TABLE public.authentication_customuser ALTER COLUMN id ADD GENERATED BY DEFAULT AS IDENTITY (
    SEQUENCE NAME public.authentication_customuser_id_seq
    START WITH 1
    INCREMENT BY 1
    NO MINVALUE
    NO MAXVALUE
    CACHE 1
);


--
-- Name: authentication_customuser_user_permissions; Type: TABLE; Schema: public; Owner: -
--

CREATE TABLE public.authentication_customuser_user_permissions (
    id bigint NOT NULL,
    customuser_id bigint NOT NULL,
    permission_id integer NOT NULL
);


--
-- Name: authentication_customuser_user_permissions_id_seq; Type: SEQUENCE; Schema: public; Owner: -
--

ALTER TABLE public.authentication_customuser_user_permissions ALTER COLUMN id ADD GENERATED BY DEFAULT AS IDENTITY (
    SEQUENCE NAME public.authentication_customuser_user_permissions_id_seq
    START WITH 1
    INCREMENT BY 1
    NO MINVALUE
    NO MAXVALUE
    CACHE 1
);


--
-- Name: authtoken_token; Type: TABLE; Schema: public; Owner: -
--

CREATE TABLE public.authtoken_token (
    key character varying(40) NOT NULL,
    created timestamp with time zone NOT NULL,
    user_id integer NOT NULL
);


--
-- Name: configuraciones_api; Type: TABLE; Schema: public; Owner: -
--

CREATE TABLE public.configuraciones_api (
    id bigint NOT NULL,
    entorno character varying(20) NOT NULL,
    nombre character varying(100) NOT NULL,
    valor character varying(100) NOT NULL,
    descripcion character varying(255) NOT NULL,
    activo boolean NOT NULL
);


--
-- Name: configuraciones_api_id_seq; Type: SEQUENCE; Schema: public; Owner: -
--

ALTER TABLE public.configuraciones_api ALTER COLUMN id ADD GENERATED BY DEFAULT AS IDENTITY (
    SEQUENCE NAME public.configuraciones_api_id_seq
    START WITH 1
    INCREMENT BY 1
    NO MINVALUE
    NO MAXVALUE
    CACHE 1
);


--
-- Name: core_debtor; Type: TABLE; Schema: public; Owner: -
--

CREATE TABLE public.core_debtor (
    id uuid NOT NULL,
    created_at timestamp with time zone NOT NULL,
    updated_at timestamp with time zone NOT NULL,
    name character varying(255) NOT NULL,
    street character varying(30) NOT NULL,
    building_number character varying(10),
    postal_code character varying(8) NOT NULL,
    city character varying(80) NOT NULL,
    country character varying(2) NOT NULL,
    created_by_id bigint NOT NULL,
    iban_id uuid NOT NULL
);


--
-- Name: core_errorresponse; Type: TABLE; Schema: public; Owner: -
--

CREATE TABLE public.core_errorresponse (
    code integer NOT NULL,
    message text NOT NULL,
    "messageId" integer NOT NULL
);


--
-- Name: core_errorresponse_messageId_seq; Type: SEQUENCE; Schema: public; Owner: -
--

ALTER TABLE public.core_errorresponse ALTER COLUMN "messageId" ADD GENERATED BY DEFAULT AS IDENTITY (
    SEQUENCE NAME public."core_errorresponse_messageId_seq"
    START WITH 1
    INCREMENT BY 1
    NO MINVALUE
    NO MAXVALUE
    CACHE 1
);


--
-- Name: core_iban; Type: TABLE; Schema: public; Owner: -
--

CREATE TABLE public.core_iban (
    id uuid NOT NULL,
    created_at timestamp with time zone NOT NULL,
    updated_at timestamp with time zone NOT NULL,
    iban character varying(34) NOT NULL,
    bic character varying(11) NOT NULL,
    bank_name character varying(40) NOT NULL,
    status character varying(8) NOT NULL,
    type character varying(7) NOT NULL,
    allow_collections boolean NOT NULL,
    is_deleted boolean NOT NULL,
    created_by_id bigint NOT NULL
);


--
-- Name: core_message; Type: TABLE; Schema: public; Owner: -
--

CREATE TABLE public.core_message (
    message_id integer NOT NULL,
    code integer NOT NULL,
    message text NOT NULL
);


--
-- Name: core_message_message_id_seq; Type: SEQUENCE; Schema: public; Owner: -
--

ALTER TABLE public.core_message ALTER COLUMN message_id ADD GENERATED BY DEFAULT AS IDENTITY (
    SEQUENCE NAME public.core_message_message_id_seq
    START WITH 1
    INCREMENT BY 1
    NO MINVALUE
    NO MAXVALUE
    CACHE 1
);


--
-- Name: core_paymentresponse; Type: TABLE; Schema: public; Owner: -
--

CREATE TABLE public.core_paymentresponse (
    id bigint NOT NULL,
    payment_id_id bigint NOT NULL,
    transaction_status_id bigint NOT NULL
);


--
-- Name: core_paymentresponse_id_seq; Type: SEQUENCE; Schema: public; Owner: -
--

ALTER TABLE public.core_paymentresponse ALTER COLUMN id ADD GENERATED BY DEFAULT AS IDENTITY (
    SEQUENCE NAME public.core_paymentresponse_id_seq
    START WITH 1
    INCREMENT BY 1
    NO MINVALUE
    NO MAXVALUE
    CACHE 1
);


--
-- Name: core_statusresponse; Type: TABLE; Schema: public; Owner: -
--

CREATE TABLE public.core_statusresponse (
    id bigint NOT NULL,
    category character varying(20) NOT NULL,
    text character varying(50) NOT NULL,
    code_id bigint NOT NULL
);


--
-- Name: core_statusresponse_id_seq; Type: SEQUENCE; Schema: public; Owner: -
--

ALTER TABLE public.core_statusresponse ALTER COLUMN id ADD GENERATED BY DEFAULT AS IDENTITY (
    SEQUENCE NAME public.core_statusresponse_id_seq
    START WITH 1
    INCREMENT BY 1
    NO MINVALUE
    NO MAXVALUE
    CACHE 1
);


--
-- Name: core_transactionstatus; Type: TABLE; Schema: public; Owner: -
--

CREATE TABLE public.core_transactionstatus (
    id bigint NOT NULL,
    transaction_status character varying(4) NOT NULL,
    description character varying(250) NOT NULL
);


--
-- Name: core_transactionstatus_id_seq; Type: SEQUENCE; Schema: public; Owner: -
--

ALTER TABLE public.core_transactionstatus ALTER COLUMN id ADD GENERATED BY DEFAULT AS IDENTITY (
    SEQUENCE NAME public.core_transactionstatus_id_seq
    START WITH 1
    INCREMENT BY 1
    NO MINVALUE
    NO MAXVALUE
    CACHE 1
);


--
-- Name: django_admin_log; Type: TABLE; Schema: public; Owner: -
--

CREATE TABLE public.django_admin_log (
    id integer NOT NULL,
    action_time timestamp with time zone NOT NULL,
    object_id text,
    object_repr character varying(200) NOT NULL,
    action_flag smallint NOT NULL,
    change_message text NOT NULL,
    content_type_id integer,
    user_id integer NOT NULL,
    CONSTRAINT django_admin_log_action_flag_check CHECK ((action_flag >= 0))
);


--
-- Name: django_admin_log_id_seq; Type: SEQUENCE; Schema: public; Owner: -
--

ALTER TABLE public.django_admin_log ALTER COLUMN id ADD GENERATED BY DEFAULT AS IDENTITY (
    SEQUENCE NAME public.django_admin_log_id_seq
    START WITH 1
    INCREMENT BY 1
    NO MINVALUE
    NO MAXVALUE
    CACHE 1
);


--
-- Name: django_content_type; Type: TABLE; Schema: public; Owner: -
--

CREATE TABLE public.django_content_type (
    id integer NOT NULL,
    app_label character varying(100) NOT NULL,
    model character varying(100) NOT NULL
);


--
-- Name: django_content_type_id_seq; Type: SEQUENCE; Schema: public; Owner: -
--

ALTER TABLE public.django_content_type ALTER COLUMN id ADD GENERATED BY DEFAULT AS IDENTITY (
    SEQUENCE NAME public.django_content_type_id_seq
    START WITH 1
    INCREMENT BY 1
    NO MINVALUE
    NO MAXVALUE
    CACHE 1
);


--
-- Name: django_migrations; Type: TABLE; Schema: public; Owner: -
--

CREATE TABLE public.django_migrations (
    id bigint NOT NULL,
    app character varying(255) NOT NULL,
    name character varying(255) NOT NULL,
    applied timestamp with time zone NOT NULL
);


--
-- Name: django_migrations_id_seq; Type: SEQUENCE; Schema: public; Owner: -
--

ALTER TABLE public.django_migrations ALTER COLUMN id ADD GENERATED BY DEFAULT AS IDENTITY (
    SEQUENCE NAME public.django_migrations_id_seq
    START WITH 1
    INCREMENT BY 1
    NO MINVALUE
    NO MAXVALUE
    CACHE 1
);


--
-- Name: django_session; Type: TABLE; Schema: public; Owner: -
--

CREATE TABLE public.django_session (
    session_key character varying(40) NOT NULL,
    session_data text NOT NULL,
    expire_date timestamp with time zone NOT NULL
);


--
-- Name: gpt4_clavegenerada; Type: TABLE; Schema: public; Owner: -
--

CREATE TABLE public.gpt4_clavegenerada (
    id bigint NOT NULL,
    usuario character varying(255) NOT NULL,
    estado character varying(10) NOT NULL,
    fecha timestamp with time zone NOT NULL,
    kid character varying(100),
    path_privada character varying(500),
    path_publica character varying(500),
    path_jwks character varying(500),
    clave_privada text,
    clave_publica text,
    jwks jsonb,
    archivo_privado character varying(100),
    archivo_publico character varying(100),
    archivo_jwks character varying(100),
    mensaje_error text
);


--
-- Name: gpt4_clavegenerada_id_seq; Type: SEQUENCE; Schema: public; Owner: -
--

ALTER TABLE public.gpt4_clavegenerada ALTER COLUMN id ADD GENERATED BY DEFAULT AS IDENTITY (
    SEQUENCE NAME public.gpt4_clavegenerada_id_seq
    START WITH 1
    INCREMENT BY 1
    NO MINVALUE
    NO MAXVALUE
    CACHE 1
);


--
-- Name: gpt4_clientid; Type: TABLE; Schema: public; Owner: -
--

CREATE TABLE public.gpt4_clientid (
    codigo character varying(6) NOT NULL,
    "clientId" character varying(60)
);


--
-- Name: gpt4_creditor; Type: TABLE; Schema: public; Owner: -
--

CREATE TABLE public.gpt4_creditor (
    id bigint NOT NULL,
    name character varying(70) NOT NULL,
    postal_address_country character varying(2) NOT NULL,
    postal_address_street character varying(70) NOT NULL,
    postal_address_city character varying(70) NOT NULL
);


--
-- Name: gpt4_creditor_id_seq; Type: SEQUENCE; Schema: public; Owner: -
--

ALTER TABLE public.gpt4_creditor ALTER COLUMN id ADD GENERATED BY DEFAULT AS IDENTITY (
    SEQUENCE NAME public.gpt4_creditor_id_seq
    START WITH 1
    INCREMENT BY 1
    NO MINVALUE
    NO MAXVALUE
    CACHE 1
);


--
-- Name: gpt4_creditoraccount; Type: TABLE; Schema: public; Owner: -
--

CREATE TABLE public.gpt4_creditoraccount (
    id bigint NOT NULL,
    iban character varying(34) NOT NULL,
    currency character varying(3) NOT NULL,
    creditor_id bigint NOT NULL
);


--
-- Name: gpt4_creditoraccount_id_seq; Type: SEQUENCE; Schema: public; Owner: -
--

ALTER TABLE public.gpt4_creditoraccount ALTER COLUMN id ADD GENERATED BY DEFAULT AS IDENTITY (
    SEQUENCE NAME public.gpt4_creditoraccount_id_seq
    START WITH 1
    INCREMENT BY 1
    NO MINVALUE
    NO MAXVALUE
    CACHE 1
);


--
-- Name: gpt4_creditoragent; Type: TABLE; Schema: public; Owner: -
--

CREATE TABLE public.gpt4_creditoragent (
    id bigint NOT NULL,
    bic character varying(11) NOT NULL,
    financial_institution_id character varying(35) NOT NULL,
    other_information character varying(70) NOT NULL
);


--
-- Name: gpt4_creditoragent_id_seq; Type: SEQUENCE; Schema: public; Owner: -
--

ALTER TABLE public.gpt4_creditoragent ALTER COLUMN id ADD GENERATED BY DEFAULT AS IDENTITY (
    SEQUENCE NAME public.gpt4_creditoragent_id_seq
    START WITH 1
    INCREMENT BY 1
    NO MINVALUE
    NO MAXVALUE
    CACHE 1
);


--
-- Name: gpt4_debtor; Type: TABLE; Schema: public; Owner: -
--

CREATE TABLE public.gpt4_debtor (
    id bigint NOT NULL,
    name character varying(70) NOT NULL,
    customer_id character varying(35) NOT NULL,
    postal_address_country character varying(2) NOT NULL,
    postal_address_street character varying(70) NOT NULL,
    postal_address_city character varying(70) NOT NULL,
    mobile_phone_number character varying(15)
);


--
-- Name: gpt4_debtor_id_seq; Type: SEQUENCE; Schema: public; Owner: -
--

ALTER TABLE public.gpt4_debtor ALTER COLUMN id ADD GENERATED BY DEFAULT AS IDENTITY (
    SEQUENCE NAME public.gpt4_debtor_id_seq
    START WITH 1
    INCREMENT BY 1
    NO MINVALUE
    NO MAXVALUE
    CACHE 1
);


--
-- Name: gpt4_debtoraccount; Type: TABLE; Schema: public; Owner: -
--

CREATE TABLE public.gpt4_debtoraccount (
    id bigint NOT NULL,
    iban character varying(34) NOT NULL,
    currency character varying(3) NOT NULL,
    debtor_id bigint NOT NULL
);


--
-- Name: gpt4_debtoraccount_id_seq; Type: SEQUENCE; Schema: public; Owner: -
--

ALTER TABLE public.gpt4_debtoraccount ALTER COLUMN id ADD GENERATED BY DEFAULT AS IDENTITY (
    SEQUENCE NAME public.gpt4_debtoraccount_id_seq
    START WITH 1
    INCREMENT BY 1
    NO MINVALUE
    NO MAXVALUE
    CACHE 1
);


--
-- Name: gpt4_kid; Type: TABLE; Schema: public; Owner: -
--

CREATE TABLE public.gpt4_kid (
    codigo character varying(6) NOT NULL,
    kid character varying(60) NOT NULL
);


--
-- Name: gpt4_logtransferencia; Type: TABLE; Schema: public; Owner: -
--

CREATE TABLE public.gpt4_logtransferencia (
    id bigint NOT NULL,
    registro character varying(64) NOT NULL,
    tipo_log character varying(20) NOT NULL,
    contenido text NOT NULL,
    created_at timestamp with time zone NOT NULL
);


--
-- Name: gpt4_logtransferencia_id_seq; Type: SEQUENCE; Schema: public; Owner: -
--

ALTER TABLE public.gpt4_logtransferencia ALTER COLUMN id ADD GENERATED BY DEFAULT AS IDENTITY (
    SEQUENCE NAME public.gpt4_logtransferencia_id_seq
    START WITH 1
    INCREMENT BY 1
    NO MINVALUE
    NO MAXVALUE
    CACHE 1
);


--
-- Name: gpt4_paymentidentification; Type: TABLE; Schema: public; Owner: -
--

CREATE TABLE public.gpt4_paymentidentification (
    id bigint NOT NULL,
    end_to_end_id character varying(35) NOT NULL,
    instruction_id character varying(35) NOT NULL
);


--
-- Name: gpt4_paymentidentification_id_seq; Type: SEQUENCE; Schema: public; Owner: -
--

ALTER TABLE public.gpt4_paymentidentification ALTER COLUMN id ADD GENERATED BY DEFAULT AS IDENTITY (
    SEQUENCE NAME public.gpt4_paymentidentification_id_seq
    START WITH 1
    INCREMENT BY 1
    NO MINVALUE
    NO MAXVALUE
    CACHE 1
);


--
-- Name: gpt4_transfer; Type: TABLE; Schema: public; Owner: -
--

CREATE TABLE public.gpt4_transfer (
    id bigint NOT NULL,
    payment_id character varying(36) NOT NULL,
    instructed_amount numeric(18,2) NOT NULL,
    currency character varying(3) NOT NULL,
    purpose_code character varying(4) NOT NULL,
    requested_execution_date date NOT NULL,
    remittance_information_unstructured character varying(140),
    status character varying(10) NOT NULL,
    auth_id character varying(100),
    created_at timestamp with time zone NOT NULL,
    updated_at timestamp with time zone NOT NULL,
    client_id character varying(6),
    creditor_id bigint NOT NULL,
    creditor_account_id bigint NOT NULL,
    creditor_agent_id bigint NOT NULL,
    debtor_id bigint NOT NULL,
    debtor_account_id bigint NOT NULL,
    kid_id character varying(6),
    payment_identification_id bigint NOT NULL
);


--
-- Name: gpt4_transfer_id_seq; Type: SEQUENCE; Schema: public; Owner: -
--

ALTER TABLE public.gpt4_transfer ALTER COLUMN id ADD GENERATED BY DEFAULT AS IDENTITY (
    SEQUENCE NAME public.gpt4_transfer_id_seq
    START WITH 1
    INCREMENT BY 1
    NO MINVALUE
    NO MAXVALUE
    CACHE 1
);


--
-- Name: oauth2_provider_accesstoken; Type: TABLE; Schema: public; Owner: -
--

CREATE TABLE public.oauth2_provider_accesstoken (
    id bigint NOT NULL,
    token text NOT NULL,
    expires timestamp with time zone NOT NULL,
    scope text NOT NULL,
    application_id bigint,
    user_id integer,
    created timestamp with time zone NOT NULL,
    updated timestamp with time zone NOT NULL,
    source_refresh_token_id bigint,
    id_token_id bigint,
    token_checksum character varying(64) NOT NULL
);


--
-- Name: oauth2_provider_accesstoken_id_seq; Type: SEQUENCE; Schema: public; Owner: -
--

ALTER TABLE public.oauth2_provider_accesstoken ALTER COLUMN id ADD GENERATED BY DEFAULT AS IDENTITY (
    SEQUENCE NAME public.oauth2_provider_accesstoken_id_seq
    START WITH 1
    INCREMENT BY 1
    NO MINVALUE
    NO MAXVALUE
    CACHE 1
);


--
-- Name: oauth2_provider_application; Type: TABLE; Schema: public; Owner: -
--

CREATE TABLE public.oauth2_provider_application (
    id bigint NOT NULL,
    client_id character varying(100) NOT NULL,
    redirect_uris text NOT NULL,
    client_type character varying(32) NOT NULL,
    authorization_grant_type character varying(32) NOT NULL,
    client_secret character varying(255) NOT NULL,
    name character varying(255) NOT NULL,
    user_id integer,
    skip_authorization boolean NOT NULL,
    created timestamp with time zone NOT NULL,
    updated timestamp with time zone NOT NULL,
    algorithm character varying(5) NOT NULL,
    post_logout_redirect_uris text NOT NULL,
    hash_client_secret boolean NOT NULL,
    allowed_origins text NOT NULL
);


--
-- Name: oauth2_provider_application_id_seq; Type: SEQUENCE; Schema: public; Owner: -
--

ALTER TABLE public.oauth2_provider_application ALTER COLUMN id ADD GENERATED BY DEFAULT AS IDENTITY (
    SEQUENCE NAME public.oauth2_provider_application_id_seq
    START WITH 1
    INCREMENT BY 1
    NO MINVALUE
    NO MAXVALUE
    CACHE 1
);


--
-- Name: oauth2_provider_grant; Type: TABLE; Schema: public; Owner: -
--

CREATE TABLE public.oauth2_provider_grant (
    id bigint NOT NULL,
    code character varying(255) NOT NULL,
    expires timestamp with time zone NOT NULL,
    redirect_uri text NOT NULL,
    scope text NOT NULL,
    application_id bigint NOT NULL,
    user_id integer NOT NULL,
    created timestamp with time zone NOT NULL,
    updated timestamp with time zone NOT NULL,
    code_challenge character varying(128) NOT NULL,
    code_challenge_method character varying(10) NOT NULL,
    nonce character varying(255) NOT NULL,
    claims text NOT NULL
);


--
-- Name: oauth2_provider_grant_id_seq; Type: SEQUENCE; Schema: public; Owner: -
--

ALTER TABLE public.oauth2_provider_grant ALTER COLUMN id ADD GENERATED BY DEFAULT AS IDENTITY (
    SEQUENCE NAME public.oauth2_provider_grant_id_seq
    START WITH 1
    INCREMENT BY 1
    NO MINVALUE
    NO MAXVALUE
    CACHE 1
);


--
-- Name: oauth2_provider_idtoken; Type: TABLE; Schema: public; Owner: -
--

CREATE TABLE public.oauth2_provider_idtoken (
    id bigint NOT NULL,
    jti uuid NOT NULL,
    expires timestamp with time zone NOT NULL,
    scope text NOT NULL,
    created timestamp with time zone NOT NULL,
    updated timestamp with time zone NOT NULL,
    application_id bigint,
    user_id integer
);


--
-- Name: oauth2_provider_idtoken_id_seq; Type: SEQUENCE; Schema: public; Owner: -
--

ALTER TABLE public.oauth2_provider_idtoken ALTER COLUMN id ADD GENERATED BY DEFAULT AS IDENTITY (
    SEQUENCE NAME public.oauth2_provider_idtoken_id_seq
    START WITH 1
    INCREMENT BY 1
    NO MINVALUE
    NO MAXVALUE
    CACHE 1
);


--
-- Name: oauth2_provider_refreshtoken; Type: TABLE; Schema: public; Owner: -
--

CREATE TABLE public.oauth2_provider_refreshtoken (
    id bigint NOT NULL,
    token character varying(255) NOT NULL,
    access_token_id bigint,
    application_id bigint NOT NULL,
    user_id integer NOT NULL,
    created timestamp with time zone NOT NULL,
    updated timestamp with time zone NOT NULL,
    revoked timestamp with time zone,
    token_family uuid
);


--
-- Name: oauth2_provider_refreshtoken_id_seq; Type: SEQUENCE; Schema: public; Owner: -
--

ALTER TABLE public.oauth2_provider_refreshtoken ALTER COLUMN id ADD GENERATED BY DEFAULT AS IDENTITY (
    SEQUENCE NAME public.oauth2_provider_refreshtoken_id_seq
    START WITH 1
    INCREMENT BY 1
    NO MINVALUE
    NO MAXVALUE
    CACHE 1
);


--
-- Name: transfers_sepa2; Type: TABLE; Schema: public; Owner: -
--

CREATE TABLE public.transfers_sepa2 (
    id bigint NOT NULL,
    status character varying(20) NOT NULL,
    purpose_code character varying(4),
    reference uuid NOT NULL,
    idempotency_key uuid NOT NULL,
    custom_id uuid NOT NULL,
    end_to_end_id uuid NOT NULL,
    account_name character varying(50) NOT NULL,
    account_iban character varying(24) NOT NULL,
    account_bic character varying(11) NOT NULL,
    account_bank character varying(50) NOT NULL,
    amount numeric(12,2) NOT NULL,
    currency character varying(3) NOT NULL,
    beneficiary_name character varying(50) NOT NULL,
    beneficiary_iban character varying(24) NOT NULL,
    beneficiary_bic character varying(11) NOT NULL,
    beneficiary_bank character varying(50) NOT NULL,
    failure_code character varying(50),
    message character varying(20),
    internal_note character varying(10),
    custom_metadata character varying(50),
    scheduled_date date,
    request_date timestamp with time zone NOT NULL,
    execution_date timestamp with time zone NOT NULL,
    accounting_date timestamp with time zone,
    created_by_id bigint NOT NULL
);


--
-- Name: transfers_sepa2_id_seq; Type: SEQUENCE; Schema: public; Owner: -
--

ALTER TABLE public.transfers_sepa2 ALTER COLUMN id ADD GENERATED BY DEFAULT AS IDENTITY (
    SEQUENCE NAME public.transfers_sepa2_id_seq
    START WITH 1
    INCREMENT BY 1
    NO MINVALUE
    NO MAXVALUE
    CACHE 1
);


--
-- Name: transfers_sepa3; Type: TABLE; Schema: public; Owner: -
--

CREATE TABLE public.transfers_sepa3 (
    id bigint NOT NULL,
    idempotency_key uuid NOT NULL,
    sender_name character varying(255) NOT NULL,
    sender_iban character varying(34) NOT NULL,
    sender_bic character varying(11) NOT NULL,
    sender_bank character varying(80) NOT NULL,
    recipient_name character varying(255) NOT NULL,
    recipient_iban character varying(34) NOT NULL,
    recipient_bic character varying(11) NOT NULL,
    recipient_bank character varying(80) NOT NULL,
    amount numeric(10,2) NOT NULL,
    currency character varying(3) NOT NULL,
    status character varying(20) NOT NULL,
    execution_date date NOT NULL,
    reference character varying(20),
    unstructured_remittance_info character varying(20),
    created_at timestamp with time zone NOT NULL,
    updated_at timestamp with time zone NOT NULL,
    created_by_id bigint NOT NULL
);


--
-- Name: transfers_sepa3_id_seq; Type: SEQUENCE; Schema: public; Owner: -
--

ALTER TABLE public.transfers_sepa3 ALTER COLUMN id ADD GENERATED BY DEFAULT AS IDENTITY (
    SEQUENCE NAME public.transfers_sepa3_id_seq
    START WITH 1
    INCREMENT BY 1
    NO MINVALUE
    NO MAXVALUE
    CACHE 1
);


--
-- Name: transfers_sepatransaction; Type: TABLE; Schema: public; Owner: -
--

CREATE TABLE public.transfers_sepatransaction (
    id bigint NOT NULL,
    transaction_id character varying(255) NOT NULL,
    sender_iban character varying(34) NOT NULL,
    recipient_iban character varying(34) NOT NULL,
    recipient_name character varying(255) NOT NULL,
    amount numeric(10,2) NOT NULL,
    currency character varying(3) NOT NULL,
    status character varying(20) NOT NULL,
    created_at timestamp with time zone NOT NULL,
    updated_at timestamp with time zone NOT NULL
);


--
-- Name: transfers_sepatransaction_id_seq; Type: SEQUENCE; Schema: public; Owner: -
--

ALTER TABLE public.transfers_sepatransaction ALTER COLUMN id ADD GENERATED BY DEFAULT AS IDENTITY (
    SEQUENCE NAME public.transfers_sepatransaction_id_seq
    START WITH 1
    INCREMENT BY 1
    NO MINVALUE
    NO MAXVALUE
    CACHE 1
);


--
-- Name: transfers_transfer; Type: TABLE; Schema: public; Owner: -
--

CREATE TABLE public.transfers_transfer (
    id uuid NOT NULL,
    reference uuid NOT NULL,
    idempotency_key character varying(255),
    source_account character varying(50) NOT NULL,
    destination_account character varying(50) NOT NULL,
    amount numeric(10,2) NOT NULL,
    currency character varying(3) NOT NULL,
    local_iban character varying(34) NOT NULL,
    account character varying(255) NOT NULL,
    beneficiary_iban character varying(34) NOT NULL,
    transfer_type character varying(20),
    type_strategy character varying(20) NOT NULL,
    status character varying(20) NOT NULL,
    failure_code character varying(50),
    scheduled_date date,
    message text,
    end_to_end_id character varying(35),
    internal_note text,
    custom_id character varying(256),
    custom_metadata text,
    created_at timestamp with time zone NOT NULL
);


--
-- Data for Name: auth_group; Type: TABLE DATA; Schema: public; Owner: -
--

COPY public.auth_group (id, name) FROM stdin;
\.


--
-- Data for Name: auth_group_permissions; Type: TABLE DATA; Schema: public; Owner: -
--

COPY public.auth_group_permissions (id, group_id, permission_id) FROM stdin;
\.


--
-- Data for Name: auth_permission; Type: TABLE DATA; Schema: public; Owner: -
--

COPY public.auth_permission (id, name, content_type_id, codename) FROM stdin;
1	Can add log entry	1	add_logentry
2	Can change log entry	1	change_logentry
3	Can delete log entry	1	delete_logentry
4	Can view log entry	1	view_logentry
5	Can add permission	2	add_permission
6	Can change permission	2	change_permission
7	Can delete permission	2	delete_permission
8	Can view permission	2	view_permission
9	Can add group	3	add_group
10	Can change group	3	change_group
11	Can delete group	3	delete_group
12	Can view group	3	view_group
13	Can add user	4	add_user
14	Can change user	4	change_user
15	Can delete user	4	delete_user
16	Can view user	4	view_user
17	Can add content type	5	add_contenttype
18	Can change content type	5	change_contenttype
19	Can delete content type	5	delete_contenttype
20	Can view content type	5	view_contenttype
21	Can add session	6	add_session
22	Can change session	6	change_session
23	Can delete session	6	delete_session
24	Can view session	6	view_session
25	Can add application	7	add_application
26	Can change application	7	change_application
27	Can delete application	7	delete_application
28	Can view application	7	view_application
29	Can add access token	8	add_accesstoken
30	Can change access token	8	change_accesstoken
31	Can delete access token	8	delete_accesstoken
32	Can view access token	8	view_accesstoken
33	Can add grant	9	add_grant
34	Can change grant	9	change_grant
35	Can delete grant	9	delete_grant
36	Can view grant	9	view_grant
37	Can add refresh token	10	add_refreshtoken
38	Can change refresh token	10	change_refreshtoken
39	Can delete refresh token	10	delete_refreshtoken
40	Can view refresh token	10	view_refreshtoken
41	Can add id token	11	add_idtoken
42	Can change id token	11	change_idtoken
43	Can delete id token	11	delete_idtoken
44	Can view id token	11	view_idtoken
45	Can add Token	12	add_token
46	Can change Token	12	change_token
47	Can delete Token	12	delete_token
48	Can view Token	12	view_token
49	Can add Token	13	add_tokenproxy
50	Can change Token	13	change_tokenproxy
51	Can delete Token	13	delete_tokenproxy
52	Can view Token	13	view_tokenproxy
53	Can add Configuración API	14	add_configuracionapi
54	Can change Configuración API	14	change_configuracionapi
55	Can delete Configuración API	14	delete_configuracionapi
56	Can view Configuración API	14	view_configuracionapi
57	Can add sepa transaction	15	add_sepatransaction
58	Can change sepa transaction	15	change_sepatransaction
59	Can delete sepa transaction	15	delete_sepatransaction
60	Can view sepa transaction	15	view_sepatransaction
61	Can add transfer	16	add_transfer
62	Can change transfer	16	change_transfer
63	Can delete transfer	16	delete_transfer
64	Can view transfer	16	view_transfer
65	Can add sep a2	17	add_sepa2
66	Can change sep a2	17	change_sepa2
67	Can delete sep a2	17	delete_sepa2
68	Can view sep a2	17	view_sepa2
69	Can add sep a3	18	add_sepa3
70	Can change sep a3	18	change_sepa3
71	Can delete sep a3	18	delete_sepa3
72	Can view sep a3	18	view_sepa3
73	Can add error response	19	add_errorresponse
74	Can change error response	19	change_errorresponse
75	Can delete error response	19	delete_errorresponse
76	Can view error response	19	view_errorresponse
77	Can add message	20	add_message
78	Can change message	20	change_message
79	Can delete message	20	delete_message
80	Can view message	20	view_message
81	Can add transaction status	21	add_transactionstatus
82	Can change transaction status	21	change_transactionstatus
83	Can delete transaction status	21	delete_transactionstatus
84	Can view transaction status	21	view_transactionstatus
85	Can add iban	22	add_iban
86	Can change iban	22	change_iban
87	Can delete iban	22	delete_iban
88	Can view iban	22	view_iban
89	Can add debtor	23	add_debtor
90	Can change debtor	23	change_debtor
91	Can delete debtor	23	delete_debtor
92	Can view debtor	23	view_debtor
93	Can add status response	24	add_statusresponse
94	Can change status response	24	change_statusresponse
95	Can delete status response	24	delete_statusresponse
96	Can view status response	24	view_statusresponse
97	Can add payment response	25	add_paymentresponse
98	Can change payment response	25	change_paymentresponse
99	Can delete payment response	25	delete_paymentresponse
100	Can view payment response	25	view_paymentresponse
101	Can add custom user	26	add_customuser
102	Can change custom user	26	change_customuser
103	Can delete custom user	26	delete_customuser
104	Can view custom user	26	view_customuser
105	Can add client id	27	add_clientid
106	Can change client id	27	change_clientid
107	Can delete client id	27	delete_clientid
108	Can view client id	27	view_clientid
109	Can add creditor	28	add_creditor
110	Can change creditor	28	change_creditor
111	Can delete creditor	28	delete_creditor
112	Can view creditor	28	view_creditor
113	Can add creditor agent	29	add_creditoragent
114	Can change creditor agent	29	change_creditoragent
115	Can delete creditor agent	29	delete_creditoragent
116	Can view creditor agent	29	view_creditoragent
117	Can add debtor	30	add_debtor
118	Can change debtor	30	change_debtor
119	Can delete debtor	30	delete_debtor
120	Can view debtor	30	view_debtor
121	Can add kid	31	add_kid
122	Can change kid	31	change_kid
123	Can delete kid	31	delete_kid
124	Can view kid	31	view_kid
125	Can add Log de Transferencia	32	add_logtransferencia
126	Can change Log de Transferencia	32	change_logtransferencia
127	Can delete Log de Transferencia	32	delete_logtransferencia
128	Can view Log de Transferencia	32	view_logtransferencia
129	Can add payment identification	33	add_paymentidentification
130	Can change payment identification	33	change_paymentidentification
131	Can delete payment identification	33	delete_paymentidentification
132	Can view payment identification	33	view_paymentidentification
133	Can add Clave generada	34	add_clavegenerada
134	Can change Clave generada	34	change_clavegenerada
135	Can delete Clave generada	34	delete_clavegenerada
136	Can view Clave generada	34	view_clavegenerada
137	Can add creditor account	35	add_creditoraccount
138	Can change creditor account	35	change_creditoraccount
139	Can delete creditor account	35	delete_creditoraccount
140	Can view creditor account	35	view_creditoraccount
141	Can add debtor account	36	add_debtoraccount
142	Can change debtor account	36	change_debtoraccount
143	Can delete debtor account	36	delete_debtoraccount
144	Can view debtor account	36	view_debtoraccount
145	Can add transfer	37	add_transfer
146	Can change transfer	37	change_transfer
147	Can delete transfer	37	delete_transfer
148	Can view transfer	37	view_transfer
\.


--
-- Data for Name: auth_user; Type: TABLE DATA; Schema: public; Owner: -
--

COPY public.auth_user (id, password, last_login, is_superuser, username, first_name, last_name, email, is_staff, is_active, date_joined) FROM stdin;
1	pbkdf2_sha256$1000000$pfPy0p6yDEvifhvQGSJPew$Po7So6H31kx4iVm204rGuVPuChGF62ijpz/e3/FWHpk=	\N	t	493068k1			j.moltke@db.com	t	t	2025-06-13 03:10:35.381969-05
2	pbkdf2_sha256$1000000$8KCH95YrQx1eIJivs4BhWE$F4p7aKX8RSq793gb2Od1nvhCJ5IPVf7hDNZyauuMLw0=	2025-06-13 03:12:28.149594-05	t	493069k1			j.moltke@db.com	t	t	2025-06-13 03:12:14.07904-05
\.


--
-- Data for Name: auth_user_groups; Type: TABLE DATA; Schema: public; Owner: -
--

COPY public.auth_user_groups (id, user_id, group_id) FROM stdin;
\.


--
-- Data for Name: auth_user_user_permissions; Type: TABLE DATA; Schema: public; Owner: -
--

COPY public.auth_user_user_permissions (id, user_id, permission_id) FROM stdin;
\.


--
-- Data for Name: authentication_customuser; Type: TABLE DATA; Schema: public; Owner: -
--

COPY public.authentication_customuser (id, password, last_login, is_superuser, email, username, phone, is_active, is_staff) FROM stdin;
\.


--
-- Data for Name: authentication_customuser_groups; Type: TABLE DATA; Schema: public; Owner: -
--

COPY public.authentication_customuser_groups (id, customuser_id, group_id) FROM stdin;
\.


--
-- Data for Name: authentication_customuser_user_permissions; Type: TABLE DATA; Schema: public; Owner: -
--

COPY public.authentication_customuser_user_permissions (id, customuser_id, permission_id) FROM stdin;
\.


--
-- Data for Name: authtoken_token; Type: TABLE DATA; Schema: public; Owner: -
--

COPY public.authtoken_token (key, created, user_id) FROM stdin;
\.


--
-- Data for Name: configuraciones_api; Type: TABLE DATA; Schema: public; Owner: -
--

COPY public.configuraciones_api (id, entorno, nombre, valor, descripcion, activo) FROM stdin;
1	local	DEBUG	False		t
2	local	ALLOWED_HOSTS	apibank2-54644cdf263f.herokuapp.com,api.coretransapi.com,127.0.0.1,0.0.0.0,80.78.30.242		t
3	local	SECRET_KEY	MX2QfdeWkTc8ihotA_i1Hm7_4gYJQB4oVjOKFnuD6Cw		t
4	local	ENVIRONMENT	local		t
5	local	DJANGO_ENV	local		t
6	local	REDIRECT_URI	https://api.coretransapi.com/oauth2/callback/		t
7	local	ORIGIN	https://api.coretransapi.com		t
8	local	CLIENT_ID	7c1e2c53-8cc3-4ea0-bdd6-b3423e76adc7		t
9	local	CLIENT_SECRET	L88pwGelUZ5EV1YpfOG3e_r24M8YQ40-Gaay9HC4vt4RIl-Jz2QjtmcKxY8UpOWUInj9CoUILPBSF-H0QvUQqw		t
10	local	SCOPE	sepa_credit_transfers		t
11	local	TIMEOUT	300		t
12	local	TIMEOUT_REQUEST	300		t
13	local	PRIVATE_KEY_PATH	/home/markmur88/api_bank_heroku/schemas/keys/private_key.pem		t
14	local	PRIVATE_KEY_KID	57c43e75-3a34-4ef2-8d2b-04f1b117f2881		t
15	local	DATABASE_URL	postgres://markmur88:Ptf8454Jd55@localhost:5432/mydatabase		t
16	local	DNS_BANCO	80.78.30.242		t
17	local	DOMINIO_BANCO	504e1ef2.host.njalla.net		t
18	local	RED_SEGURA_PREFIX	193.150.		t
19	local	MOCK_PORT	9181		t
20	local	ALLOW_FAKE_BANK	True		t
21	local	TOKEN_URL	https://80.78.30.242:9181/gw/oidc/token		t
22	local	AUTHORIZE_URL	https://80.78.30.242:9181/gw/oidc/authorize		t
23	local	OTP_URL	https://80.78.30.242:9181/gw/dbapi/others/onetimepasswords/v2/single		t
24	local	AUTH_URL	https://80.78.30.242:9181/gw/dbapi/others/transactionAuthorization/v1/challenges		t
25	local	API_URL	https://80.78.30.242:9181/gw/dbapi/paymentInitiation/payments/v1/sepaCreditTransfer		t
26	production	DEBUG	False		t
27	production	ALLOWED_HOSTS	apibank2-54644cdf263f.herokuapp.com,api.coretransapi.com,127.0.0.1,0.0.0.0,80.78.30.242		t
28	production	SECRET_KEY	MX2QfdeWkTc8ihotA_i1Hm7_4gYJQB4oVjOKFnuD6Cw		t
29	production	ENVIRONMENT	production		t
30	production	DJANGO_ENV	production		t
31	production	REDIRECT_URI	https://simulator-api.coretransapi.com/oauth2/callback/		t
32	production	ORIGIN	https://simulator-api.coretransapi.com		t
33	production	CLIENT_ID	7c1e2c53-8cc3-4ea0-bdd6-b3423e76adc7		t
34	production	CLIENT_SECRET	L88pwGelUZ5EV1YpfOG3e_r24M8YQ40-Gaay9HC4vt4RIl-Jz2QjtmcKxY8UpOWUInj9CoUILPBSF-H0QvUQqw		t
35	production	SCOPE	sepa_credit_transfers		t
36	production	TIMEOUT	300		t
37	production	TIMEOUT_REQUEST	300		t
38	production	PRIVATE_KEY_PATH	/home/markmur88/api_bank_heroku/schemas/keys/private_key.pem		t
39	production	PRIVATE_KEY_KID	57c43e75-3a34-4ef2-8d2b-04f1b117f2881		t
40	production	DATABASE_URL	postgres://markmur88:Ptf8454Jd55@localhost:5432/mydatabase		t
41	production	DNS_BANCO	80.78.30.242		t
42	production	DOMINIO_BANCO	504e1ef2.host.njalla.net		t
43	production	RED_SEGURA_PREFIX	193.150.		t
44	production	MOCK_PORT	9181		t
45	production	ALLOW_FAKE_BANK	True		t
46	production	TOKEN_URL	https://simulator-api.db.com:443/gw/oidc/token		t
47	production	AUTHORIZE_URL	https://simulator-api.db.com:443/gw/oidc/authorize		t
48	production	OTP_URL	https://simulator-api.db.com:443/gw/dbapi/others/onetimepasswords/v2/single		t
49	production	AUTH_URL	https://simulator-api.db.com:443/gw/dbapi/others/transactionAuthorization/v1/challenges		t
50	production	API_URL	https://simulator-api.db.com:443/gw/dbapi/paymentInitiation/payments/v1/sepaCreditTransfer		t
\.


--
-- Data for Name: core_debtor; Type: TABLE DATA; Schema: public; Owner: -
--

COPY public.core_debtor (id, created_at, updated_at, name, street, building_number, postal_code, city, country, created_by_id, iban_id) FROM stdin;
\.


--
-- Data for Name: core_errorresponse; Type: TABLE DATA; Schema: public; Owner: -
--

COPY public.core_errorresponse (code, message, "messageId") FROM stdin;
\.


--
-- Data for Name: core_iban; Type: TABLE DATA; Schema: public; Owner: -
--

COPY public.core_iban (id, created_at, updated_at, iban, bic, bank_name, status, type, allow_collections, is_deleted, created_by_id) FROM stdin;
\.


--
-- Data for Name: core_message; Type: TABLE DATA; Schema: public; Owner: -
--

COPY public.core_message (message_id, code, message) FROM stdin;
\.


--
-- Data for Name: core_paymentresponse; Type: TABLE DATA; Schema: public; Owner: -
--

COPY public.core_paymentresponse (id, payment_id_id, transaction_status_id) FROM stdin;
\.


--
-- Data for Name: core_statusresponse; Type: TABLE DATA; Schema: public; Owner: -
--

COPY public.core_statusresponse (id, category, text, code_id) FROM stdin;
\.


--
-- Data for Name: core_transactionstatus; Type: TABLE DATA; Schema: public; Owner: -
--

COPY public.core_transactionstatus (id, transaction_status, description) FROM stdin;
\.


--
-- Data for Name: django_admin_log; Type: TABLE DATA; Schema: public; Owner: -
--

COPY public.django_admin_log (id, action_time, object_id, object_repr, action_flag, change_message, content_type_id, user_id) FROM stdin;
\.


--
-- Data for Name: django_content_type; Type: TABLE DATA; Schema: public; Owner: -
--

COPY public.django_content_type (id, app_label, model) FROM stdin;
1	admin	logentry
2	auth	permission
3	auth	group
4	auth	user
5	contenttypes	contenttype
6	sessions	session
7	oauth2_provider	application
8	oauth2_provider	accesstoken
9	oauth2_provider	grant
10	oauth2_provider	refreshtoken
11	oauth2_provider	idtoken
12	authtoken	token
13	authtoken	tokenproxy
14	configuraciones_api	configuracionapi
15	transfers	sepatransaction
16	transfers	transfer
17	transfers	sepa2
18	transfers	sepa3
19	core	errorresponse
20	core	message
21	core	transactionstatus
22	core	iban
23	core	debtor
24	core	statusresponse
25	core	paymentresponse
26	authentication	customuser
27	gpt4	clientid
28	gpt4	creditor
29	gpt4	creditoragent
30	gpt4	debtor
31	gpt4	kid
32	gpt4	logtransferencia
33	gpt4	paymentidentification
34	gpt4	clavegenerada
35	gpt4	creditoraccount
36	gpt4	debtoraccount
37	gpt4	transfer
\.


--
-- Data for Name: django_migrations; Type: TABLE DATA; Schema: public; Owner: -
--

COPY public.django_migrations (id, app, name, applied) FROM stdin;
1	contenttypes	0001_initial	2025-06-12 19:44:04.672827-05
2	auth	0001_initial	2025-06-12 19:44:04.798041-05
3	admin	0001_initial	2025-06-12 19:44:04.842564-05
4	admin	0002_logentry_remove_auto_add	2025-06-12 19:44:04.880023-05
5	admin	0003_logentry_add_action_flag_choices	2025-06-12 19:44:04.931856-05
6	contenttypes	0002_remove_content_type_name	2025-06-12 19:44:05.00966-05
7	auth	0002_alter_permission_name_max_length	2025-06-12 19:44:05.060678-05
8	auth	0003_alter_user_email_max_length	2025-06-12 19:44:05.090711-05
9	auth	0004_alter_user_username_opts	2025-06-12 19:44:05.128508-05
10	auth	0005_alter_user_last_login_null	2025-06-12 19:44:05.161552-05
11	auth	0006_require_contenttypes_0002	2025-06-12 19:44:05.176087-05
12	auth	0007_alter_validators_add_error_messages	2025-06-12 19:44:05.208593-05
13	auth	0008_alter_user_username_max_length	2025-06-12 19:44:05.246373-05
14	auth	0009_alter_user_last_name_max_length	2025-06-12 19:44:05.286183-05
15	auth	0010_alter_group_name_max_length	2025-06-12 19:44:05.323697-05
16	auth	0011_update_proxy_permissions	2025-06-12 19:44:05.365515-05
17	auth	0012_alter_user_first_name_max_length	2025-06-12 19:44:05.394115-05
18	authentication	0001_initial	2025-06-12 19:44:05.476692-05
19	authtoken	0001_initial	2025-06-12 19:44:05.521329-05
20	authtoken	0002_auto_20160226_1747	2025-06-12 19:44:05.60318-05
21	authtoken	0003_tokenproxy	2025-06-12 19:44:05.61181-05
22	authtoken	0004_alter_tokenproxy_options	2025-06-12 19:44:05.628169-05
23	configuraciones_api	0001_initial	2025-06-12 19:44:05.639918-05
24	transfers	0001_initial	2025-06-12 19:44:05.777875-05
25	core	0001_initial	2025-06-12 19:44:05.978948-05
26	gpt4	0001_initial	2025-06-12 19:44:06.21456-05
27	oauth2_provider	0001_initial	2025-06-12 19:44:06.493434-05
28	oauth2_provider	0002_auto_20190406_1805	2025-06-12 19:44:06.572196-05
29	oauth2_provider	0003_auto_20201211_1314	2025-06-12 19:44:06.614628-05
30	oauth2_provider	0004_auto_20200902_2022	2025-06-12 19:44:06.894017-05
31	oauth2_provider	0005_auto_20211222_2352	2025-06-12 19:44:07.146124-05
32	oauth2_provider	0006_alter_application_client_secret	2025-06-12 19:44:07.277734-05
33	oauth2_provider	0007_application_post_logout_redirect_uris	2025-06-12 19:44:07.320682-05
34	oauth2_provider	0008_alter_accesstoken_token	2025-06-12 19:44:07.360619-05
35	oauth2_provider	0009_add_hash_client_secret	2025-06-12 19:44:07.411513-05
36	oauth2_provider	0010_application_allowed_origins	2025-06-12 19:44:07.457101-05
37	oauth2_provider	0011_refreshtoken_token_family	2025-06-12 19:44:07.682762-05
38	oauth2_provider	0012_add_token_checksum	2025-06-12 19:44:07.916995-05
39	sessions	0001_initial	2025-06-12 19:44:07.960892-05
\.


--
-- Data for Name: django_session; Type: TABLE DATA; Schema: public; Owner: -
--

COPY public.django_session (session_key, session_data, expire_date) FROM stdin;
15mufz178i1dhj4981rwygwbpc6lyn3f	.eJxVjk0KwyAQhe_iOkiMrRO77L5nkHGcNGmDglEolN69BrJoVw_ez8d7C4e1zK5unN0SxEUMovv1PNKT4x6EB8Z7kpRiyYuXe0Ue6SZvKfB6Pbp_gBm3ua0t9CNZP3k0VpHRxHYERRoChAnOikGzYWOU9wN5QM_GEuBJawrTBH2Dciwpx-SQSsW1MddETTtRN8yu_eLXkmJ7HCmJS8mVP19ji0vN:1uPzWz:GUxm6AxptpLaKLcRKthZd3b9Um7PEpakn25OdwmhI3o	2025-06-13 03:22:57.367988-05
\.


--
-- Data for Name: gpt4_clavegenerada; Type: TABLE DATA; Schema: public; Owner: -
--

COPY public.gpt4_clavegenerada (id, usuario, estado, fecha, kid, path_privada, path_publica, path_jwks, clave_privada, clave_publica, jwks, archivo_privado, archivo_publico, archivo_jwks, mensaje_error) FROM stdin;
\.


--
-- Data for Name: gpt4_clientid; Type: TABLE DATA; Schema: public; Owner: -
--

COPY public.gpt4_clientid (codigo, "clientId") FROM stdin;
\.


--
-- Data for Name: gpt4_creditor; Type: TABLE DATA; Schema: public; Owner: -
--

COPY public.gpt4_creditor (id, name, postal_address_country, postal_address_street, postal_address_city) FROM stdin;
1	Tom Winter	DE	Augsburger Strasse 14a	80337 München
\.


--
-- Data for Name: gpt4_creditoraccount; Type: TABLE DATA; Schema: public; Owner: -
--

COPY public.gpt4_creditoraccount (id, iban, currency, creditor_id) FROM stdin;
1	DE00500700100200044874	EUR	1
\.


--
-- Data for Name: gpt4_creditoragent; Type: TABLE DATA; Schema: public; Owner: -
--

COPY public.gpt4_creditoragent (id, bic, financial_institution_id, other_information) FROM stdin;
1	DEUTDEFFXXX	DEUTDEFFXXX	Deutsche Bank
\.


--
-- Data for Name: gpt4_debtor; Type: TABLE DATA; Schema: public; Owner: -
--

COPY public.gpt4_debtor (id, name, customer_id, postal_address_country, postal_address_street, postal_address_city, mobile_phone_number) FROM stdin;
1	Baroness Anna Meyer	10020400400079945	DE	Frankfurter Allee 11	10247 Berlin	+49170123456
\.


--
-- Data for Name: gpt4_debtoraccount; Type: TABLE DATA; Schema: public; Owner: -
--

COPY public.gpt4_debtoraccount (id, iban, currency, debtor_id) FROM stdin;
1	DE00500700100200044824	EUR	1
\.


--
-- Data for Name: gpt4_kid; Type: TABLE DATA; Schema: public; Owner: -
--

COPY public.gpt4_kid (codigo, kid) FROM stdin;
\.


--
-- Data for Name: gpt4_logtransferencia; Type: TABLE DATA; Schema: public; Owner: -
--

COPY public.gpt4_logtransferencia (id, registro, tipo_log, contenido, created_at) FROM stdin;
\.


--
-- Data for Name: gpt4_paymentidentification; Type: TABLE DATA; Schema: public; Owner: -
--

COPY public.gpt4_paymentidentification (id, end_to_end_id, instruction_id) FROM stdin;
\.


--
-- Data for Name: gpt4_transfer; Type: TABLE DATA; Schema: public; Owner: -
--

COPY public.gpt4_transfer (id, payment_id, instructed_amount, currency, purpose_code, requested_execution_date, remittance_information_unstructured, status, auth_id, created_at, updated_at, client_id, creditor_id, creditor_account_id, creditor_agent_id, debtor_id, debtor_account_id, kid_id, payment_identification_id) FROM stdin;
\.


--
-- Data for Name: oauth2_provider_accesstoken; Type: TABLE DATA; Schema: public; Owner: -
--

COPY public.oauth2_provider_accesstoken (id, token, expires, scope, application_id, user_id, created, updated, source_refresh_token_id, id_token_id, token_checksum) FROM stdin;
\.


--
-- Data for Name: oauth2_provider_application; Type: TABLE DATA; Schema: public; Owner: -
--

COPY public.oauth2_provider_application (id, client_id, redirect_uris, client_type, authorization_grant_type, client_secret, name, user_id, skip_authorization, created, updated, algorithm, post_logout_redirect_uris, hash_client_secret, allowed_origins) FROM stdin;
\.


--
-- Data for Name: oauth2_provider_grant; Type: TABLE DATA; Schema: public; Owner: -
--

COPY public.oauth2_provider_grant (id, code, expires, redirect_uri, scope, application_id, user_id, created, updated, code_challenge, code_challenge_method, nonce, claims) FROM stdin;
\.


--
-- Data for Name: oauth2_provider_idtoken; Type: TABLE DATA; Schema: public; Owner: -
--

COPY public.oauth2_provider_idtoken (id, jti, expires, scope, created, updated, application_id, user_id) FROM stdin;
\.


--
-- Data for Name: oauth2_provider_refreshtoken; Type: TABLE DATA; Schema: public; Owner: -
--

COPY public.oauth2_provider_refreshtoken (id, token, access_token_id, application_id, user_id, created, updated, revoked, token_family) FROM stdin;
\.


--
-- Data for Name: transfers_sepa2; Type: TABLE DATA; Schema: public; Owner: -
--

COPY public.transfers_sepa2 (id, status, purpose_code, reference, idempotency_key, custom_id, end_to_end_id, account_name, account_iban, account_bic, account_bank, amount, currency, beneficiary_name, beneficiary_iban, beneficiary_bic, beneficiary_bank, failure_code, message, internal_note, custom_metadata, scheduled_date, request_date, execution_date, accounting_date, created_by_id) FROM stdin;
\.


--
-- Data for Name: transfers_sepa3; Type: TABLE DATA; Schema: public; Owner: -
--

COPY public.transfers_sepa3 (id, idempotency_key, sender_name, sender_iban, sender_bic, sender_bank, recipient_name, recipient_iban, recipient_bic, recipient_bank, amount, currency, status, execution_date, reference, unstructured_remittance_info, created_at, updated_at, created_by_id) FROM stdin;
\.


--
-- Data for Name: transfers_sepatransaction; Type: TABLE DATA; Schema: public; Owner: -
--

COPY public.transfers_sepatransaction (id, transaction_id, sender_iban, recipient_iban, recipient_name, amount, currency, status, created_at, updated_at) FROM stdin;
\.


--
-- Data for Name: transfers_transfer; Type: TABLE DATA; Schema: public; Owner: -
--

COPY public.transfers_transfer (id, reference, idempotency_key, source_account, destination_account, amount, currency, local_iban, account, beneficiary_iban, transfer_type, type_strategy, status, failure_code, scheduled_date, message, end_to_end_id, internal_note, custom_id, custom_metadata, created_at) FROM stdin;
\.


--
-- Name: auth_group_id_seq; Type: SEQUENCE SET; Schema: public; Owner: -
--

SELECT pg_catalog.setval('public.auth_group_id_seq', 1, false);


--
-- Name: auth_group_permissions_id_seq; Type: SEQUENCE SET; Schema: public; Owner: -
--

SELECT pg_catalog.setval('public.auth_group_permissions_id_seq', 1, false);


--
-- Name: auth_permission_id_seq; Type: SEQUENCE SET; Schema: public; Owner: -
--

SELECT pg_catalog.setval('public.auth_permission_id_seq', 148, true);


--
-- Name: auth_user_groups_id_seq; Type: SEQUENCE SET; Schema: public; Owner: -
--

SELECT pg_catalog.setval('public.auth_user_groups_id_seq', 1, false);


--
-- Name: auth_user_id_seq; Type: SEQUENCE SET; Schema: public; Owner: -
--

SELECT pg_catalog.setval('public.auth_user_id_seq', 2, true);


--
-- Name: auth_user_user_permissions_id_seq; Type: SEQUENCE SET; Schema: public; Owner: -
--

SELECT pg_catalog.setval('public.auth_user_user_permissions_id_seq', 1, false);


--
-- Name: authentication_customuser_groups_id_seq; Type: SEQUENCE SET; Schema: public; Owner: -
--

SELECT pg_catalog.setval('public.authentication_customuser_groups_id_seq', 1, false);


--
-- Name: authentication_customuser_id_seq; Type: SEQUENCE SET; Schema: public; Owner: -
--

SELECT pg_catalog.setval('public.authentication_customuser_id_seq', 1, false);


--
-- Name: authentication_customuser_user_permissions_id_seq; Type: SEQUENCE SET; Schema: public; Owner: -
--

SELECT pg_catalog.setval('public.authentication_customuser_user_permissions_id_seq', 1, false);


--
-- Name: configuraciones_api_id_seq; Type: SEQUENCE SET; Schema: public; Owner: -
--

SELECT pg_catalog.setval('public.configuraciones_api_id_seq', 50, true);


--
-- Name: core_errorresponse_messageId_seq; Type: SEQUENCE SET; Schema: public; Owner: -
--

SELECT pg_catalog.setval('public."core_errorresponse_messageId_seq"', 1, false);


--
-- Name: core_message_message_id_seq; Type: SEQUENCE SET; Schema: public; Owner: -
--

SELECT pg_catalog.setval('public.core_message_message_id_seq', 1, false);


--
-- Name: core_paymentresponse_id_seq; Type: SEQUENCE SET; Schema: public; Owner: -
--

SELECT pg_catalog.setval('public.core_paymentresponse_id_seq', 1, false);


--
-- Name: core_statusresponse_id_seq; Type: SEQUENCE SET; Schema: public; Owner: -
--

SELECT pg_catalog.setval('public.core_statusresponse_id_seq', 1, false);


--
-- Name: core_transactionstatus_id_seq; Type: SEQUENCE SET; Schema: public; Owner: -
--

SELECT pg_catalog.setval('public.core_transactionstatus_id_seq', 1, false);


--
-- Name: django_admin_log_id_seq; Type: SEQUENCE SET; Schema: public; Owner: -
--

SELECT pg_catalog.setval('public.django_admin_log_id_seq', 1, false);


--
-- Name: django_content_type_id_seq; Type: SEQUENCE SET; Schema: public; Owner: -
--

SELECT pg_catalog.setval('public.django_content_type_id_seq', 37, true);


--
-- Name: django_migrations_id_seq; Type: SEQUENCE SET; Schema: public; Owner: -
--

SELECT pg_catalog.setval('public.django_migrations_id_seq', 39, true);


--
-- Name: gpt4_clavegenerada_id_seq; Type: SEQUENCE SET; Schema: public; Owner: -
--

SELECT pg_catalog.setval('public.gpt4_clavegenerada_id_seq', 1, false);


--
-- Name: gpt4_creditor_id_seq; Type: SEQUENCE SET; Schema: public; Owner: -
--

SELECT pg_catalog.setval('public.gpt4_creditor_id_seq', 1, true);


--
-- Name: gpt4_creditoraccount_id_seq; Type: SEQUENCE SET; Schema: public; Owner: -
--

SELECT pg_catalog.setval('public.gpt4_creditoraccount_id_seq', 1, true);


--
-- Name: gpt4_creditoragent_id_seq; Type: SEQUENCE SET; Schema: public; Owner: -
--

SELECT pg_catalog.setval('public.gpt4_creditoragent_id_seq', 1, true);


--
-- Name: gpt4_debtor_id_seq; Type: SEQUENCE SET; Schema: public; Owner: -
--

SELECT pg_catalog.setval('public.gpt4_debtor_id_seq', 1, true);


--
-- Name: gpt4_debtoraccount_id_seq; Type: SEQUENCE SET; Schema: public; Owner: -
--

SELECT pg_catalog.setval('public.gpt4_debtoraccount_id_seq', 1, true);


--
-- Name: gpt4_logtransferencia_id_seq; Type: SEQUENCE SET; Schema: public; Owner: -
--

SELECT pg_catalog.setval('public.gpt4_logtransferencia_id_seq', 1, false);


--
-- Name: gpt4_paymentidentification_id_seq; Type: SEQUENCE SET; Schema: public; Owner: -
--

SELECT pg_catalog.setval('public.gpt4_paymentidentification_id_seq', 1, false);


--
-- Name: gpt4_transfer_id_seq; Type: SEQUENCE SET; Schema: public; Owner: -
--

SELECT pg_catalog.setval('public.gpt4_transfer_id_seq', 1, false);


--
-- Name: oauth2_provider_accesstoken_id_seq; Type: SEQUENCE SET; Schema: public; Owner: -
--

SELECT pg_catalog.setval('public.oauth2_provider_accesstoken_id_seq', 1, false);


--
-- Name: oauth2_provider_application_id_seq; Type: SEQUENCE SET; Schema: public; Owner: -
--

SELECT pg_catalog.setval('public.oauth2_provider_application_id_seq', 1, false);


--
-- Name: oauth2_provider_grant_id_seq; Type: SEQUENCE SET; Schema: public; Owner: -
--

SELECT pg_catalog.setval('public.oauth2_provider_grant_id_seq', 1, false);


--
-- Name: oauth2_provider_idtoken_id_seq; Type: SEQUENCE SET; Schema: public; Owner: -
--

SELECT pg_catalog.setval('public.oauth2_provider_idtoken_id_seq', 1, false);


--
-- Name: oauth2_provider_refreshtoken_id_seq; Type: SEQUENCE SET; Schema: public; Owner: -
--

SELECT pg_catalog.setval('public.oauth2_provider_refreshtoken_id_seq', 1, false);


--
-- Name: transfers_sepa2_id_seq; Type: SEQUENCE SET; Schema: public; Owner: -
--

SELECT pg_catalog.setval('public.transfers_sepa2_id_seq', 1, false);


--
-- Name: transfers_sepa3_id_seq; Type: SEQUENCE SET; Schema: public; Owner: -
--

SELECT pg_catalog.setval('public.transfers_sepa3_id_seq', 1, false);


--
-- Name: transfers_sepatransaction_id_seq; Type: SEQUENCE SET; Schema: public; Owner: -
--

SELECT pg_catalog.setval('public.transfers_sepatransaction_id_seq', 1, false);


--
-- Name: auth_group auth_group_name_key; Type: CONSTRAINT; Schema: public; Owner: -
--

ALTER TABLE ONLY public.auth_group
    ADD CONSTRAINT auth_group_name_key UNIQUE (name);


--
-- Name: auth_group_permissions auth_group_permissions_group_id_permission_id_0cd325b0_uniq; Type: CONSTRAINT; Schema: public; Owner: -
--

ALTER TABLE ONLY public.auth_group_permissions
    ADD CONSTRAINT auth_group_permissions_group_id_permission_id_0cd325b0_uniq UNIQUE (group_id, permission_id);


--
-- Name: auth_group_permissions auth_group_permissions_pkey; Type: CONSTRAINT; Schema: public; Owner: -
--

ALTER TABLE ONLY public.auth_group_permissions
    ADD CONSTRAINT auth_group_permissions_pkey PRIMARY KEY (id);


--
-- Name: auth_group auth_group_pkey; Type: CONSTRAINT; Schema: public; Owner: -
--

ALTER TABLE ONLY public.auth_group
    ADD CONSTRAINT auth_group_pkey PRIMARY KEY (id);


--
-- Name: auth_permission auth_permission_content_type_id_codename_01ab375a_uniq; Type: CONSTRAINT; Schema: public; Owner: -
--

ALTER TABLE ONLY public.auth_permission
    ADD CONSTRAINT auth_permission_content_type_id_codename_01ab375a_uniq UNIQUE (content_type_id, codename);


--
-- Name: auth_permission auth_permission_pkey; Type: CONSTRAINT; Schema: public; Owner: -
--

ALTER TABLE ONLY public.auth_permission
    ADD CONSTRAINT auth_permission_pkey PRIMARY KEY (id);


--
-- Name: auth_user_groups auth_user_groups_pkey; Type: CONSTRAINT; Schema: public; Owner: -
--

ALTER TABLE ONLY public.auth_user_groups
    ADD CONSTRAINT auth_user_groups_pkey PRIMARY KEY (id);


--
-- Name: auth_user_groups auth_user_groups_user_id_group_id_94350c0c_uniq; Type: CONSTRAINT; Schema: public; Owner: -
--

ALTER TABLE ONLY public.auth_user_groups
    ADD CONSTRAINT auth_user_groups_user_id_group_id_94350c0c_uniq UNIQUE (user_id, group_id);


--
-- Name: auth_user auth_user_pkey; Type: CONSTRAINT; Schema: public; Owner: -
--

ALTER TABLE ONLY public.auth_user
    ADD CONSTRAINT auth_user_pkey PRIMARY KEY (id);


--
-- Name: auth_user_user_permissions auth_user_user_permissions_pkey; Type: CONSTRAINT; Schema: public; Owner: -
--

ALTER TABLE ONLY public.auth_user_user_permissions
    ADD CONSTRAINT auth_user_user_permissions_pkey PRIMARY KEY (id);


--
-- Name: auth_user_user_permissions auth_user_user_permissions_user_id_permission_id_14a6b632_uniq; Type: CONSTRAINT; Schema: public; Owner: -
--

ALTER TABLE ONLY public.auth_user_user_permissions
    ADD CONSTRAINT auth_user_user_permissions_user_id_permission_id_14a6b632_uniq UNIQUE (user_id, permission_id);


--
-- Name: auth_user auth_user_username_key; Type: CONSTRAINT; Schema: public; Owner: -
--

ALTER TABLE ONLY public.auth_user
    ADD CONSTRAINT auth_user_username_key UNIQUE (username);


--
-- Name: authentication_customuser_groups authentication_customuse_customuser_id_group_id_8a637646_uniq; Type: CONSTRAINT; Schema: public; Owner: -
--

ALTER TABLE ONLY public.authentication_customuser_groups
    ADD CONSTRAINT authentication_customuse_customuser_id_group_id_8a637646_uniq UNIQUE (customuser_id, group_id);


--
-- Name: authentication_customuser_user_permissions authentication_customuse_customuser_id_permission_923704b1_uniq; Type: CONSTRAINT; Schema: public; Owner: -
--

ALTER TABLE ONLY public.authentication_customuser_user_permissions
    ADD CONSTRAINT authentication_customuse_customuser_id_permission_923704b1_uniq UNIQUE (customuser_id, permission_id);


--
-- Name: authentication_customuser authentication_customuser_email_key; Type: CONSTRAINT; Schema: public; Owner: -
--

ALTER TABLE ONLY public.authentication_customuser
    ADD CONSTRAINT authentication_customuser_email_key UNIQUE (email);


--
-- Name: authentication_customuser_groups authentication_customuser_groups_pkey; Type: CONSTRAINT; Schema: public; Owner: -
--

ALTER TABLE ONLY public.authentication_customuser_groups
    ADD CONSTRAINT authentication_customuser_groups_pkey PRIMARY KEY (id);


--
-- Name: authentication_customuser authentication_customuser_pkey; Type: CONSTRAINT; Schema: public; Owner: -
--

ALTER TABLE ONLY public.authentication_customuser
    ADD CONSTRAINT authentication_customuser_pkey PRIMARY KEY (id);


--
-- Name: authentication_customuser_user_permissions authentication_customuser_user_permissions_pkey; Type: CONSTRAINT; Schema: public; Owner: -
--

ALTER TABLE ONLY public.authentication_customuser_user_permissions
    ADD CONSTRAINT authentication_customuser_user_permissions_pkey PRIMARY KEY (id);


--
-- Name: authentication_customuser authentication_customuser_username_key; Type: CONSTRAINT; Schema: public; Owner: -
--

ALTER TABLE ONLY public.authentication_customuser
    ADD CONSTRAINT authentication_customuser_username_key UNIQUE (username);


--
-- Name: authtoken_token authtoken_token_pkey; Type: CONSTRAINT; Schema: public; Owner: -
--

ALTER TABLE ONLY public.authtoken_token
    ADD CONSTRAINT authtoken_token_pkey PRIMARY KEY (key);


--
-- Name: authtoken_token authtoken_token_user_id_key; Type: CONSTRAINT; Schema: public; Owner: -
--

ALTER TABLE ONLY public.authtoken_token
    ADD CONSTRAINT authtoken_token_user_id_key UNIQUE (user_id);


--
-- Name: configuraciones_api configuraciones_api_pkey; Type: CONSTRAINT; Schema: public; Owner: -
--

ALTER TABLE ONLY public.configuraciones_api
    ADD CONSTRAINT configuraciones_api_pkey PRIMARY KEY (id);


--
-- Name: core_debtor core_debtor_iban_id_key; Type: CONSTRAINT; Schema: public; Owner: -
--

ALTER TABLE ONLY public.core_debtor
    ADD CONSTRAINT core_debtor_iban_id_key UNIQUE (iban_id);


--
-- Name: core_debtor core_debtor_name_key; Type: CONSTRAINT; Schema: public; Owner: -
--

ALTER TABLE ONLY public.core_debtor
    ADD CONSTRAINT core_debtor_name_key UNIQUE (name);


--
-- Name: core_debtor core_debtor_pkey; Type: CONSTRAINT; Schema: public; Owner: -
--

ALTER TABLE ONLY public.core_debtor
    ADD CONSTRAINT core_debtor_pkey PRIMARY KEY (id);


--
-- Name: core_errorresponse core_errorresponse_pkey; Type: CONSTRAINT; Schema: public; Owner: -
--

ALTER TABLE ONLY public.core_errorresponse
    ADD CONSTRAINT core_errorresponse_pkey PRIMARY KEY ("messageId");


--
-- Name: core_iban core_iban_iban_key; Type: CONSTRAINT; Schema: public; Owner: -
--

ALTER TABLE ONLY public.core_iban
    ADD CONSTRAINT core_iban_iban_key UNIQUE (iban);


--
-- Name: core_iban core_iban_pkey; Type: CONSTRAINT; Schema: public; Owner: -
--

ALTER TABLE ONLY public.core_iban
    ADD CONSTRAINT core_iban_pkey PRIMARY KEY (id);


--
-- Name: core_message core_message_pkey; Type: CONSTRAINT; Schema: public; Owner: -
--

ALTER TABLE ONLY public.core_message
    ADD CONSTRAINT core_message_pkey PRIMARY KEY (message_id);


--
-- Name: core_paymentresponse core_paymentresponse_pkey; Type: CONSTRAINT; Schema: public; Owner: -
--

ALTER TABLE ONLY public.core_paymentresponse
    ADD CONSTRAINT core_paymentresponse_pkey PRIMARY KEY (id);


--
-- Name: core_statusresponse core_statusresponse_pkey; Type: CONSTRAINT; Schema: public; Owner: -
--

ALTER TABLE ONLY public.core_statusresponse
    ADD CONSTRAINT core_statusresponse_pkey PRIMARY KEY (id);


--
-- Name: core_transactionstatus core_transactionstatus_pkey; Type: CONSTRAINT; Schema: public; Owner: -
--

ALTER TABLE ONLY public.core_transactionstatus
    ADD CONSTRAINT core_transactionstatus_pkey PRIMARY KEY (id);


--
-- Name: django_admin_log django_admin_log_pkey; Type: CONSTRAINT; Schema: public; Owner: -
--

ALTER TABLE ONLY public.django_admin_log
    ADD CONSTRAINT django_admin_log_pkey PRIMARY KEY (id);


--
-- Name: django_content_type django_content_type_app_label_model_76bd3d3b_uniq; Type: CONSTRAINT; Schema: public; Owner: -
--

ALTER TABLE ONLY public.django_content_type
    ADD CONSTRAINT django_content_type_app_label_model_76bd3d3b_uniq UNIQUE (app_label, model);


--
-- Name: django_content_type django_content_type_pkey; Type: CONSTRAINT; Schema: public; Owner: -
--

ALTER TABLE ONLY public.django_content_type
    ADD CONSTRAINT django_content_type_pkey PRIMARY KEY (id);


--
-- Name: django_migrations django_migrations_pkey; Type: CONSTRAINT; Schema: public; Owner: -
--

ALTER TABLE ONLY public.django_migrations
    ADD CONSTRAINT django_migrations_pkey PRIMARY KEY (id);


--
-- Name: django_session django_session_pkey; Type: CONSTRAINT; Schema: public; Owner: -
--

ALTER TABLE ONLY public.django_session
    ADD CONSTRAINT django_session_pkey PRIMARY KEY (session_key);


--
-- Name: gpt4_clavegenerada gpt4_clavegenerada_pkey; Type: CONSTRAINT; Schema: public; Owner: -
--

ALTER TABLE ONLY public.gpt4_clavegenerada
    ADD CONSTRAINT gpt4_clavegenerada_pkey PRIMARY KEY (id);


--
-- Name: gpt4_clientid gpt4_clientid_clientId_key; Type: CONSTRAINT; Schema: public; Owner: -
--

ALTER TABLE ONLY public.gpt4_clientid
    ADD CONSTRAINT "gpt4_clientid_clientId_key" UNIQUE ("clientId");


--
-- Name: gpt4_clientid gpt4_clientid_pkey; Type: CONSTRAINT; Schema: public; Owner: -
--

ALTER TABLE ONLY public.gpt4_clientid
    ADD CONSTRAINT gpt4_clientid_pkey PRIMARY KEY (codigo);


--
-- Name: gpt4_creditor gpt4_creditor_name_key; Type: CONSTRAINT; Schema: public; Owner: -
--

ALTER TABLE ONLY public.gpt4_creditor
    ADD CONSTRAINT gpt4_creditor_name_key UNIQUE (name);


--
-- Name: gpt4_creditor gpt4_creditor_pkey; Type: CONSTRAINT; Schema: public; Owner: -
--

ALTER TABLE ONLY public.gpt4_creditor
    ADD CONSTRAINT gpt4_creditor_pkey PRIMARY KEY (id);


--
-- Name: gpt4_creditor gpt4_creditor_postal_address_street_key; Type: CONSTRAINT; Schema: public; Owner: -
--

ALTER TABLE ONLY public.gpt4_creditor
    ADD CONSTRAINT gpt4_creditor_postal_address_street_key UNIQUE (postal_address_street);


--
-- Name: gpt4_creditoraccount gpt4_creditoraccount_iban_key; Type: CONSTRAINT; Schema: public; Owner: -
--

ALTER TABLE ONLY public.gpt4_creditoraccount
    ADD CONSTRAINT gpt4_creditoraccount_iban_key UNIQUE (iban);


--
-- Name: gpt4_creditoraccount gpt4_creditoraccount_pkey; Type: CONSTRAINT; Schema: public; Owner: -
--

ALTER TABLE ONLY public.gpt4_creditoraccount
    ADD CONSTRAINT gpt4_creditoraccount_pkey PRIMARY KEY (id);


--
-- Name: gpt4_creditoragent gpt4_creditoragent_bic_key; Type: CONSTRAINT; Schema: public; Owner: -
--

ALTER TABLE ONLY public.gpt4_creditoragent
    ADD CONSTRAINT gpt4_creditoragent_bic_key UNIQUE (bic);


--
-- Name: gpt4_creditoragent gpt4_creditoragent_financial_institution_id_key; Type: CONSTRAINT; Schema: public; Owner: -
--

ALTER TABLE ONLY public.gpt4_creditoragent
    ADD CONSTRAINT gpt4_creditoragent_financial_institution_id_key UNIQUE (financial_institution_id);


--
-- Name: gpt4_creditoragent gpt4_creditoragent_other_information_key; Type: CONSTRAINT; Schema: public; Owner: -
--

ALTER TABLE ONLY public.gpt4_creditoragent
    ADD CONSTRAINT gpt4_creditoragent_other_information_key UNIQUE (other_information);


--
-- Name: gpt4_creditoragent gpt4_creditoragent_pkey; Type: CONSTRAINT; Schema: public; Owner: -
--

ALTER TABLE ONLY public.gpt4_creditoragent
    ADD CONSTRAINT gpt4_creditoragent_pkey PRIMARY KEY (id);


--
-- Name: gpt4_debtor gpt4_debtor_customer_id_key; Type: CONSTRAINT; Schema: public; Owner: -
--

ALTER TABLE ONLY public.gpt4_debtor
    ADD CONSTRAINT gpt4_debtor_customer_id_key UNIQUE (customer_id);


--
-- Name: gpt4_debtor gpt4_debtor_name_key; Type: CONSTRAINT; Schema: public; Owner: -
--

ALTER TABLE ONLY public.gpt4_debtor
    ADD CONSTRAINT gpt4_debtor_name_key UNIQUE (name);


--
-- Name: gpt4_debtor gpt4_debtor_pkey; Type: CONSTRAINT; Schema: public; Owner: -
--

ALTER TABLE ONLY public.gpt4_debtor
    ADD CONSTRAINT gpt4_debtor_pkey PRIMARY KEY (id);


--
-- Name: gpt4_debtor gpt4_debtor_postal_address_city_key; Type: CONSTRAINT; Schema: public; Owner: -
--

ALTER TABLE ONLY public.gpt4_debtor
    ADD CONSTRAINT gpt4_debtor_postal_address_city_key UNIQUE (postal_address_city);


--
-- Name: gpt4_debtor gpt4_debtor_postal_address_street_key; Type: CONSTRAINT; Schema: public; Owner: -
--

ALTER TABLE ONLY public.gpt4_debtor
    ADD CONSTRAINT gpt4_debtor_postal_address_street_key UNIQUE (postal_address_street);


--
-- Name: gpt4_debtoraccount gpt4_debtoraccount_iban_key; Type: CONSTRAINT; Schema: public; Owner: -
--

ALTER TABLE ONLY public.gpt4_debtoraccount
    ADD CONSTRAINT gpt4_debtoraccount_iban_key UNIQUE (iban);


--
-- Name: gpt4_debtoraccount gpt4_debtoraccount_pkey; Type: CONSTRAINT; Schema: public; Owner: -
--

ALTER TABLE ONLY public.gpt4_debtoraccount
    ADD CONSTRAINT gpt4_debtoraccount_pkey PRIMARY KEY (id);


--
-- Name: gpt4_kid gpt4_kid_kid_key; Type: CONSTRAINT; Schema: public; Owner: -
--

ALTER TABLE ONLY public.gpt4_kid
    ADD CONSTRAINT gpt4_kid_kid_key UNIQUE (kid);


--
-- Name: gpt4_kid gpt4_kid_pkey; Type: CONSTRAINT; Schema: public; Owner: -
--

ALTER TABLE ONLY public.gpt4_kid
    ADD CONSTRAINT gpt4_kid_pkey PRIMARY KEY (codigo);


--
-- Name: gpt4_logtransferencia gpt4_logtransferencia_pkey; Type: CONSTRAINT; Schema: public; Owner: -
--

ALTER TABLE ONLY public.gpt4_logtransferencia
    ADD CONSTRAINT gpt4_logtransferencia_pkey PRIMARY KEY (id);


--
-- Name: gpt4_paymentidentification gpt4_paymentidentification_pkey; Type: CONSTRAINT; Schema: public; Owner: -
--

ALTER TABLE ONLY public.gpt4_paymentidentification
    ADD CONSTRAINT gpt4_paymentidentification_pkey PRIMARY KEY (id);


--
-- Name: gpt4_transfer gpt4_transfer_payment_id_key; Type: CONSTRAINT; Schema: public; Owner: -
--

ALTER TABLE ONLY public.gpt4_transfer
    ADD CONSTRAINT gpt4_transfer_payment_id_key UNIQUE (payment_id);


--
-- Name: gpt4_transfer gpt4_transfer_pkey; Type: CONSTRAINT; Schema: public; Owner: -
--

ALTER TABLE ONLY public.gpt4_transfer
    ADD CONSTRAINT gpt4_transfer_pkey PRIMARY KEY (id);


--
-- Name: oauth2_provider_accesstoken oauth2_provider_accesstoken_id_token_id_key; Type: CONSTRAINT; Schema: public; Owner: -
--

ALTER TABLE ONLY public.oauth2_provider_accesstoken
    ADD CONSTRAINT oauth2_provider_accesstoken_id_token_id_key UNIQUE (id_token_id);


--
-- Name: oauth2_provider_accesstoken oauth2_provider_accesstoken_pkey; Type: CONSTRAINT; Schema: public; Owner: -
--

ALTER TABLE ONLY public.oauth2_provider_accesstoken
    ADD CONSTRAINT oauth2_provider_accesstoken_pkey PRIMARY KEY (id);


--
-- Name: oauth2_provider_accesstoken oauth2_provider_accesstoken_source_refresh_token_id_key; Type: CONSTRAINT; Schema: public; Owner: -
--

ALTER TABLE ONLY public.oauth2_provider_accesstoken
    ADD CONSTRAINT oauth2_provider_accesstoken_source_refresh_token_id_key UNIQUE (source_refresh_token_id);


--
-- Name: oauth2_provider_accesstoken oauth2_provider_accesstoken_token_checksum_85319a26_uniq; Type: CONSTRAINT; Schema: public; Owner: -
--

ALTER TABLE ONLY public.oauth2_provider_accesstoken
    ADD CONSTRAINT oauth2_provider_accesstoken_token_checksum_85319a26_uniq UNIQUE (token_checksum);


--
-- Name: oauth2_provider_application oauth2_provider_application_client_id_key; Type: CONSTRAINT; Schema: public; Owner: -
--

ALTER TABLE ONLY public.oauth2_provider_application
    ADD CONSTRAINT oauth2_provider_application_client_id_key UNIQUE (client_id);


--
-- Name: oauth2_provider_application oauth2_provider_application_pkey; Type: CONSTRAINT; Schema: public; Owner: -
--

ALTER TABLE ONLY public.oauth2_provider_application
    ADD CONSTRAINT oauth2_provider_application_pkey PRIMARY KEY (id);


--
-- Name: oauth2_provider_grant oauth2_provider_grant_code_key; Type: CONSTRAINT; Schema: public; Owner: -
--

ALTER TABLE ONLY public.oauth2_provider_grant
    ADD CONSTRAINT oauth2_provider_grant_code_key UNIQUE (code);


--
-- Name: oauth2_provider_grant oauth2_provider_grant_pkey; Type: CONSTRAINT; Schema: public; Owner: -
--

ALTER TABLE ONLY public.oauth2_provider_grant
    ADD CONSTRAINT oauth2_provider_grant_pkey PRIMARY KEY (id);


--
-- Name: oauth2_provider_idtoken oauth2_provider_idtoken_jti_key; Type: CONSTRAINT; Schema: public; Owner: -
--

ALTER TABLE ONLY public.oauth2_provider_idtoken
    ADD CONSTRAINT oauth2_provider_idtoken_jti_key UNIQUE (jti);


--
-- Name: oauth2_provider_idtoken oauth2_provider_idtoken_pkey; Type: CONSTRAINT; Schema: public; Owner: -
--

ALTER TABLE ONLY public.oauth2_provider_idtoken
    ADD CONSTRAINT oauth2_provider_idtoken_pkey PRIMARY KEY (id);


--
-- Name: oauth2_provider_refreshtoken oauth2_provider_refreshtoken_access_token_id_key; Type: CONSTRAINT; Schema: public; Owner: -
--

ALTER TABLE ONLY public.oauth2_provider_refreshtoken
    ADD CONSTRAINT oauth2_provider_refreshtoken_access_token_id_key UNIQUE (access_token_id);


--
-- Name: oauth2_provider_refreshtoken oauth2_provider_refreshtoken_pkey; Type: CONSTRAINT; Schema: public; Owner: -
--

ALTER TABLE ONLY public.oauth2_provider_refreshtoken
    ADD CONSTRAINT oauth2_provider_refreshtoken_pkey PRIMARY KEY (id);


--
-- Name: oauth2_provider_refreshtoken oauth2_provider_refreshtoken_token_revoked_af8a5134_uniq; Type: CONSTRAINT; Schema: public; Owner: -
--

ALTER TABLE ONLY public.oauth2_provider_refreshtoken
    ADD CONSTRAINT oauth2_provider_refreshtoken_token_revoked_af8a5134_uniq UNIQUE (token, revoked);


--
-- Name: transfers_sepa2 transfers_sepa2_custom_id_key; Type: CONSTRAINT; Schema: public; Owner: -
--

ALTER TABLE ONLY public.transfers_sepa2
    ADD CONSTRAINT transfers_sepa2_custom_id_key UNIQUE (custom_id);


--
-- Name: transfers_sepa2 transfers_sepa2_end_to_end_id_key; Type: CONSTRAINT; Schema: public; Owner: -
--

ALTER TABLE ONLY public.transfers_sepa2
    ADD CONSTRAINT transfers_sepa2_end_to_end_id_key UNIQUE (end_to_end_id);


--
-- Name: transfers_sepa2 transfers_sepa2_idempotency_key_key; Type: CONSTRAINT; Schema: public; Owner: -
--

ALTER TABLE ONLY public.transfers_sepa2
    ADD CONSTRAINT transfers_sepa2_idempotency_key_key UNIQUE (idempotency_key);


--
-- Name: transfers_sepa2 transfers_sepa2_pkey; Type: CONSTRAINT; Schema: public; Owner: -
--

ALTER TABLE ONLY public.transfers_sepa2
    ADD CONSTRAINT transfers_sepa2_pkey PRIMARY KEY (id);


--
-- Name: transfers_sepa3 transfers_sepa3_idempotency_key_key; Type: CONSTRAINT; Schema: public; Owner: -
--

ALTER TABLE ONLY public.transfers_sepa3
    ADD CONSTRAINT transfers_sepa3_idempotency_key_key UNIQUE (idempotency_key);


--
-- Name: transfers_sepa3 transfers_sepa3_pkey; Type: CONSTRAINT; Schema: public; Owner: -
--

ALTER TABLE ONLY public.transfers_sepa3
    ADD CONSTRAINT transfers_sepa3_pkey PRIMARY KEY (id);


--
-- Name: transfers_sepatransaction transfers_sepatransaction_pkey; Type: CONSTRAINT; Schema: public; Owner: -
--

ALTER TABLE ONLY public.transfers_sepatransaction
    ADD CONSTRAINT transfers_sepatransaction_pkey PRIMARY KEY (id);


--
-- Name: transfers_sepatransaction transfers_sepatransaction_transaction_id_key; Type: CONSTRAINT; Schema: public; Owner: -
--

ALTER TABLE ONLY public.transfers_sepatransaction
    ADD CONSTRAINT transfers_sepatransaction_transaction_id_key UNIQUE (transaction_id);


--
-- Name: transfers_transfer transfers_transfer_idempotency_key_key; Type: CONSTRAINT; Schema: public; Owner: -
--

ALTER TABLE ONLY public.transfers_transfer
    ADD CONSTRAINT transfers_transfer_idempotency_key_key UNIQUE (idempotency_key);


--
-- Name: transfers_transfer transfers_transfer_pkey; Type: CONSTRAINT; Schema: public; Owner: -
--

ALTER TABLE ONLY public.transfers_transfer
    ADD CONSTRAINT transfers_transfer_pkey PRIMARY KEY (id);


--
-- Name: auth_group_name_a6ea08ec_like; Type: INDEX; Schema: public; Owner: -
--

CREATE INDEX auth_group_name_a6ea08ec_like ON public.auth_group USING btree (name varchar_pattern_ops);


--
-- Name: auth_group_permissions_group_id_b120cbf9; Type: INDEX; Schema: public; Owner: -
--

CREATE INDEX auth_group_permissions_group_id_b120cbf9 ON public.auth_group_permissions USING btree (group_id);


--
-- Name: auth_group_permissions_permission_id_84c5c92e; Type: INDEX; Schema: public; Owner: -
--

CREATE INDEX auth_group_permissions_permission_id_84c5c92e ON public.auth_group_permissions USING btree (permission_id);


--
-- Name: auth_permission_content_type_id_2f476e4b; Type: INDEX; Schema: public; Owner: -
--

CREATE INDEX auth_permission_content_type_id_2f476e4b ON public.auth_permission USING btree (content_type_id);


--
-- Name: auth_user_groups_group_id_97559544; Type: INDEX; Schema: public; Owner: -
--

CREATE INDEX auth_user_groups_group_id_97559544 ON public.auth_user_groups USING btree (group_id);


--
-- Name: auth_user_groups_user_id_6a12ed8b; Type: INDEX; Schema: public; Owner: -
--

CREATE INDEX auth_user_groups_user_id_6a12ed8b ON public.auth_user_groups USING btree (user_id);


--
-- Name: auth_user_user_permissions_permission_id_1fbb5f2c; Type: INDEX; Schema: public; Owner: -
--

CREATE INDEX auth_user_user_permissions_permission_id_1fbb5f2c ON public.auth_user_user_permissions USING btree (permission_id);


--
-- Name: auth_user_user_permissions_user_id_a95ead1b; Type: INDEX; Schema: public; Owner: -
--

CREATE INDEX auth_user_user_permissions_user_id_a95ead1b ON public.auth_user_user_permissions USING btree (user_id);


--
-- Name: auth_user_username_6821ab7c_like; Type: INDEX; Schema: public; Owner: -
--

CREATE INDEX auth_user_username_6821ab7c_like ON public.auth_user USING btree (username varchar_pattern_ops);


--
-- Name: authentication_customuser__customuser_id_33d2a5f7; Type: INDEX; Schema: public; Owner: -
--

CREATE INDEX authentication_customuser__customuser_id_33d2a5f7 ON public.authentication_customuser_user_permissions USING btree (customuser_id);


--
-- Name: authentication_customuser__permission_id_e47332af; Type: INDEX; Schema: public; Owner: -
--

CREATE INDEX authentication_customuser__permission_id_e47332af ON public.authentication_customuser_user_permissions USING btree (permission_id);


--
-- Name: authentication_customuser_email_a127f886_like; Type: INDEX; Schema: public; Owner: -
--

CREATE INDEX authentication_customuser_email_a127f886_like ON public.authentication_customuser USING btree (email varchar_pattern_ops);


--
-- Name: authentication_customuser_groups_customuser_id_a7d1343c; Type: INDEX; Schema: public; Owner: -
--

CREATE INDEX authentication_customuser_groups_customuser_id_a7d1343c ON public.authentication_customuser_groups USING btree (customuser_id);


--
-- Name: authentication_customuser_groups_group_id_c5ef1d10; Type: INDEX; Schema: public; Owner: -
--

CREATE INDEX authentication_customuser_groups_group_id_c5ef1d10 ON public.authentication_customuser_groups USING btree (group_id);


--
-- Name: authentication_customuser_username_3dffdf84_like; Type: INDEX; Schema: public; Owner: -
--

CREATE INDEX authentication_customuser_username_3dffdf84_like ON public.authentication_customuser USING btree (username varchar_pattern_ops);


--
-- Name: authtoken_token_key_10f0b77e_like; Type: INDEX; Schema: public; Owner: -
--

CREATE INDEX authtoken_token_key_10f0b77e_like ON public.authtoken_token USING btree (key varchar_pattern_ops);


--
-- Name: core_debtor_created_by_id_7dc64213; Type: INDEX; Schema: public; Owner: -
--

CREATE INDEX core_debtor_created_by_id_7dc64213 ON public.core_debtor USING btree (created_by_id);


--
-- Name: core_debtor_name_b6c3e4c6_like; Type: INDEX; Schema: public; Owner: -
--

CREATE INDEX core_debtor_name_b6c3e4c6_like ON public.core_debtor USING btree (name varchar_pattern_ops);


--
-- Name: core_iban_created_by_id_bd6d179a; Type: INDEX; Schema: public; Owner: -
--

CREATE INDEX core_iban_created_by_id_bd6d179a ON public.core_iban USING btree (created_by_id);


--
-- Name: core_iban_iban_84caffba_like; Type: INDEX; Schema: public; Owner: -
--

CREATE INDEX core_iban_iban_84caffba_like ON public.core_iban USING btree (iban varchar_pattern_ops);


--
-- Name: core_paymentresponse_payment_id_id_7dbdef17; Type: INDEX; Schema: public; Owner: -
--

CREATE INDEX core_paymentresponse_payment_id_id_7dbdef17 ON public.core_paymentresponse USING btree (payment_id_id);


--
-- Name: core_paymentresponse_transaction_status_id_b6d357f3; Type: INDEX; Schema: public; Owner: -
--

CREATE INDEX core_paymentresponse_transaction_status_id_b6d357f3 ON public.core_paymentresponse USING btree (transaction_status_id);


--
-- Name: core_statusresponse_code_id_afee82cb; Type: INDEX; Schema: public; Owner: -
--

CREATE INDEX core_statusresponse_code_id_afee82cb ON public.core_statusresponse USING btree (code_id);


--
-- Name: django_admin_log_content_type_id_c4bce8eb; Type: INDEX; Schema: public; Owner: -
--

CREATE INDEX django_admin_log_content_type_id_c4bce8eb ON public.django_admin_log USING btree (content_type_id);


--
-- Name: django_admin_log_user_id_c564eba6; Type: INDEX; Schema: public; Owner: -
--

CREATE INDEX django_admin_log_user_id_c564eba6 ON public.django_admin_log USING btree (user_id);


--
-- Name: django_session_expire_date_a5c62663; Type: INDEX; Schema: public; Owner: -
--

CREATE INDEX django_session_expire_date_a5c62663 ON public.django_session USING btree (expire_date);


--
-- Name: django_session_session_key_c0390e0f_like; Type: INDEX; Schema: public; Owner: -
--

CREATE INDEX django_session_session_key_c0390e0f_like ON public.django_session USING btree (session_key varchar_pattern_ops);


--
-- Name: gpt4_claveg_kid_b6f50a_idx; Type: INDEX; Schema: public; Owner: -
--

CREATE INDEX gpt4_claveg_kid_b6f50a_idx ON public.gpt4_clavegenerada USING btree (kid);


--
-- Name: gpt4_claveg_usuario_3d0c46_idx; Type: INDEX; Schema: public; Owner: -
--

CREATE INDEX gpt4_claveg_usuario_3d0c46_idx ON public.gpt4_clavegenerada USING btree (usuario);


--
-- Name: gpt4_clientid_clientId_2ff93cd3_like; Type: INDEX; Schema: public; Owner: -
--

CREATE INDEX "gpt4_clientid_clientId_2ff93cd3_like" ON public.gpt4_clientid USING btree ("clientId" varchar_pattern_ops);


--
-- Name: gpt4_clientid_codigo_05d7cdcf_like; Type: INDEX; Schema: public; Owner: -
--

CREATE INDEX gpt4_clientid_codigo_05d7cdcf_like ON public.gpt4_clientid USING btree (codigo varchar_pattern_ops);


--
-- Name: gpt4_creditor_name_bf92021a_like; Type: INDEX; Schema: public; Owner: -
--

CREATE INDEX gpt4_creditor_name_bf92021a_like ON public.gpt4_creditor USING btree (name varchar_pattern_ops);


--
-- Name: gpt4_creditor_postal_address_street_d2ef64c2_like; Type: INDEX; Schema: public; Owner: -
--

CREATE INDEX gpt4_creditor_postal_address_street_d2ef64c2_like ON public.gpt4_creditor USING btree (postal_address_street varchar_pattern_ops);


--
-- Name: gpt4_creditoraccount_creditor_id_c83bfa94; Type: INDEX; Schema: public; Owner: -
--

CREATE INDEX gpt4_creditoraccount_creditor_id_c83bfa94 ON public.gpt4_creditoraccount USING btree (creditor_id);


--
-- Name: gpt4_creditoraccount_iban_9e946bfe_like; Type: INDEX; Schema: public; Owner: -
--

CREATE INDEX gpt4_creditoraccount_iban_9e946bfe_like ON public.gpt4_creditoraccount USING btree (iban varchar_pattern_ops);


--
-- Name: gpt4_creditoragent_bic_13526fc8_like; Type: INDEX; Schema: public; Owner: -
--

CREATE INDEX gpt4_creditoragent_bic_13526fc8_like ON public.gpt4_creditoragent USING btree (bic varchar_pattern_ops);


--
-- Name: gpt4_creditoragent_financial_institution_id_8613ec2b_like; Type: INDEX; Schema: public; Owner: -
--

CREATE INDEX gpt4_creditoragent_financial_institution_id_8613ec2b_like ON public.gpt4_creditoragent USING btree (financial_institution_id varchar_pattern_ops);


--
-- Name: gpt4_creditoragent_other_information_93df8244_like; Type: INDEX; Schema: public; Owner: -
--

CREATE INDEX gpt4_creditoragent_other_information_93df8244_like ON public.gpt4_creditoragent USING btree (other_information varchar_pattern_ops);


--
-- Name: gpt4_debtor_customer_id_f98db95c_like; Type: INDEX; Schema: public; Owner: -
--

CREATE INDEX gpt4_debtor_customer_id_f98db95c_like ON public.gpt4_debtor USING btree (customer_id varchar_pattern_ops);


--
-- Name: gpt4_debtor_name_e2b615fd_like; Type: INDEX; Schema: public; Owner: -
--

CREATE INDEX gpt4_debtor_name_e2b615fd_like ON public.gpt4_debtor USING btree (name varchar_pattern_ops);


--
-- Name: gpt4_debtor_postal_address_city_1955a33c_like; Type: INDEX; Schema: public; Owner: -
--

CREATE INDEX gpt4_debtor_postal_address_city_1955a33c_like ON public.gpt4_debtor USING btree (postal_address_city varchar_pattern_ops);


--
-- Name: gpt4_debtor_postal_address_street_fdc08321_like; Type: INDEX; Schema: public; Owner: -
--

CREATE INDEX gpt4_debtor_postal_address_street_fdc08321_like ON public.gpt4_debtor USING btree (postal_address_street varchar_pattern_ops);


--
-- Name: gpt4_debtoraccount_debtor_id_1df483ce; Type: INDEX; Schema: public; Owner: -
--

CREATE INDEX gpt4_debtoraccount_debtor_id_1df483ce ON public.gpt4_debtoraccount USING btree (debtor_id);


--
-- Name: gpt4_debtoraccount_iban_91e63d1f_like; Type: INDEX; Schema: public; Owner: -
--

CREATE INDEX gpt4_debtoraccount_iban_91e63d1f_like ON public.gpt4_debtoraccount USING btree (iban varchar_pattern_ops);


--
-- Name: gpt4_kid_codigo_d23b90c9_like; Type: INDEX; Schema: public; Owner: -
--

CREATE INDEX gpt4_kid_codigo_d23b90c9_like ON public.gpt4_kid USING btree (codigo varchar_pattern_ops);


--
-- Name: gpt4_kid_kid_954aa63d_like; Type: INDEX; Schema: public; Owner: -
--

CREATE INDEX gpt4_kid_kid_954aa63d_like ON public.gpt4_kid USING btree (kid varchar_pattern_ops);


--
-- Name: gpt4_transfer_client_id_d2c1b8e3; Type: INDEX; Schema: public; Owner: -
--

CREATE INDEX gpt4_transfer_client_id_d2c1b8e3 ON public.gpt4_transfer USING btree (client_id);


--
-- Name: gpt4_transfer_client_id_d2c1b8e3_like; Type: INDEX; Schema: public; Owner: -
--

CREATE INDEX gpt4_transfer_client_id_d2c1b8e3_like ON public.gpt4_transfer USING btree (client_id varchar_pattern_ops);


--
-- Name: gpt4_transfer_creditor_account_id_90b37354; Type: INDEX; Schema: public; Owner: -
--

CREATE INDEX gpt4_transfer_creditor_account_id_90b37354 ON public.gpt4_transfer USING btree (creditor_account_id);


--
-- Name: gpt4_transfer_creditor_agent_id_1a980781; Type: INDEX; Schema: public; Owner: -
--

CREATE INDEX gpt4_transfer_creditor_agent_id_1a980781 ON public.gpt4_transfer USING btree (creditor_agent_id);


--
-- Name: gpt4_transfer_creditor_id_0cb87fa0; Type: INDEX; Schema: public; Owner: -
--

CREATE INDEX gpt4_transfer_creditor_id_0cb87fa0 ON public.gpt4_transfer USING btree (creditor_id);


--
-- Name: gpt4_transfer_debtor_account_id_5b771f23; Type: INDEX; Schema: public; Owner: -
--

CREATE INDEX gpt4_transfer_debtor_account_id_5b771f23 ON public.gpt4_transfer USING btree (debtor_account_id);


--
-- Name: gpt4_transfer_debtor_id_0dce2b00; Type: INDEX; Schema: public; Owner: -
--

CREATE INDEX gpt4_transfer_debtor_id_0dce2b00 ON public.gpt4_transfer USING btree (debtor_id);


--
-- Name: gpt4_transfer_kid_id_69d5b9d8; Type: INDEX; Schema: public; Owner: -
--

CREATE INDEX gpt4_transfer_kid_id_69d5b9d8 ON public.gpt4_transfer USING btree (kid_id);


--
-- Name: gpt4_transfer_kid_id_69d5b9d8_like; Type: INDEX; Schema: public; Owner: -
--

CREATE INDEX gpt4_transfer_kid_id_69d5b9d8_like ON public.gpt4_transfer USING btree (kid_id varchar_pattern_ops);


--
-- Name: gpt4_transfer_payment_id_16823cd3_like; Type: INDEX; Schema: public; Owner: -
--

CREATE INDEX gpt4_transfer_payment_id_16823cd3_like ON public.gpt4_transfer USING btree (payment_id varchar_pattern_ops);


--
-- Name: gpt4_transfer_payment_identification_id_ec6bbdd2; Type: INDEX; Schema: public; Owner: -
--

CREATE INDEX gpt4_transfer_payment_identification_id_ec6bbdd2 ON public.gpt4_transfer USING btree (payment_identification_id);


--
-- Name: oauth2_provider_accesstoken_application_id_b22886e1; Type: INDEX; Schema: public; Owner: -
--

CREATE INDEX oauth2_provider_accesstoken_application_id_b22886e1 ON public.oauth2_provider_accesstoken USING btree (application_id);


--
-- Name: oauth2_provider_accesstoken_token_checksum_85319a26_like; Type: INDEX; Schema: public; Owner: -
--

CREATE INDEX oauth2_provider_accesstoken_token_checksum_85319a26_like ON public.oauth2_provider_accesstoken USING btree (token_checksum varchar_pattern_ops);


--
-- Name: oauth2_provider_accesstoken_user_id_6e4c9a65; Type: INDEX; Schema: public; Owner: -
--

CREATE INDEX oauth2_provider_accesstoken_user_id_6e4c9a65 ON public.oauth2_provider_accesstoken USING btree (user_id);


--
-- Name: oauth2_provider_application_client_id_03f0cc84_like; Type: INDEX; Schema: public; Owner: -
--

CREATE INDEX oauth2_provider_application_client_id_03f0cc84_like ON public.oauth2_provider_application USING btree (client_id varchar_pattern_ops);


--
-- Name: oauth2_provider_application_client_secret_53133678; Type: INDEX; Schema: public; Owner: -
--

CREATE INDEX oauth2_provider_application_client_secret_53133678 ON public.oauth2_provider_application USING btree (client_secret);


--
-- Name: oauth2_provider_application_client_secret_53133678_like; Type: INDEX; Schema: public; Owner: -
--

CREATE INDEX oauth2_provider_application_client_secret_53133678_like ON public.oauth2_provider_application USING btree (client_secret varchar_pattern_ops);


--
-- Name: oauth2_provider_application_user_id_79829054; Type: INDEX; Schema: public; Owner: -
--

CREATE INDEX oauth2_provider_application_user_id_79829054 ON public.oauth2_provider_application USING btree (user_id);


--
-- Name: oauth2_provider_grant_application_id_81923564; Type: INDEX; Schema: public; Owner: -
--

CREATE INDEX oauth2_provider_grant_application_id_81923564 ON public.oauth2_provider_grant USING btree (application_id);


--
-- Name: oauth2_provider_grant_code_49ab4ddf_like; Type: INDEX; Schema: public; Owner: -
--

CREATE INDEX oauth2_provider_grant_code_49ab4ddf_like ON public.oauth2_provider_grant USING btree (code varchar_pattern_ops);


--
-- Name: oauth2_provider_grant_user_id_e8f62af8; Type: INDEX; Schema: public; Owner: -
--

CREATE INDEX oauth2_provider_grant_user_id_e8f62af8 ON public.oauth2_provider_grant USING btree (user_id);


--
-- Name: oauth2_provider_idtoken_application_id_08c5ff4f; Type: INDEX; Schema: public; Owner: -
--

CREATE INDEX oauth2_provider_idtoken_application_id_08c5ff4f ON public.oauth2_provider_idtoken USING btree (application_id);


--
-- Name: oauth2_provider_idtoken_user_id_dd512b59; Type: INDEX; Schema: public; Owner: -
--

CREATE INDEX oauth2_provider_idtoken_user_id_dd512b59 ON public.oauth2_provider_idtoken USING btree (user_id);


--
-- Name: oauth2_provider_refreshtoken_application_id_2d1c311b; Type: INDEX; Schema: public; Owner: -
--

CREATE INDEX oauth2_provider_refreshtoken_application_id_2d1c311b ON public.oauth2_provider_refreshtoken USING btree (application_id);


--
-- Name: oauth2_provider_refreshtoken_user_id_da837fce; Type: INDEX; Schema: public; Owner: -
--

CREATE INDEX oauth2_provider_refreshtoken_user_id_da837fce ON public.oauth2_provider_refreshtoken USING btree (user_id);


--
-- Name: transfers_sepa2_created_by_id_da6e7492; Type: INDEX; Schema: public; Owner: -
--

CREATE INDEX transfers_sepa2_created_by_id_da6e7492 ON public.transfers_sepa2 USING btree (created_by_id);


--
-- Name: transfers_sepa3_created_by_id_bb359bd3; Type: INDEX; Schema: public; Owner: -
--

CREATE INDEX transfers_sepa3_created_by_id_bb359bd3 ON public.transfers_sepa3 USING btree (created_by_id);


--
-- Name: transfers_sepatransaction_transaction_id_06a7eabb_like; Type: INDEX; Schema: public; Owner: -
--

CREATE INDEX transfers_sepatransaction_transaction_id_06a7eabb_like ON public.transfers_sepatransaction USING btree (transaction_id varchar_pattern_ops);


--
-- Name: transfers_transfer_idempotency_key_d2e1aade_like; Type: INDEX; Schema: public; Owner: -
--

CREATE INDEX transfers_transfer_idempotency_key_d2e1aade_like ON public.transfers_transfer USING btree (idempotency_key varchar_pattern_ops);


--
-- Name: auth_group_permissions auth_group_permissio_permission_id_84c5c92e_fk_auth_perm; Type: FK CONSTRAINT; Schema: public; Owner: -
--

ALTER TABLE ONLY public.auth_group_permissions
    ADD CONSTRAINT auth_group_permissio_permission_id_84c5c92e_fk_auth_perm FOREIGN KEY (permission_id) REFERENCES public.auth_permission(id) DEFERRABLE INITIALLY DEFERRED;


--
-- Name: auth_group_permissions auth_group_permissions_group_id_b120cbf9_fk_auth_group_id; Type: FK CONSTRAINT; Schema: public; Owner: -
--

ALTER TABLE ONLY public.auth_group_permissions
    ADD CONSTRAINT auth_group_permissions_group_id_b120cbf9_fk_auth_group_id FOREIGN KEY (group_id) REFERENCES public.auth_group(id) DEFERRABLE INITIALLY DEFERRED;


--
-- Name: auth_permission auth_permission_content_type_id_2f476e4b_fk_django_co; Type: FK CONSTRAINT; Schema: public; Owner: -
--

ALTER TABLE ONLY public.auth_permission
    ADD CONSTRAINT auth_permission_content_type_id_2f476e4b_fk_django_co FOREIGN KEY (content_type_id) REFERENCES public.django_content_type(id) DEFERRABLE INITIALLY DEFERRED;


--
-- Name: auth_user_groups auth_user_groups_group_id_97559544_fk_auth_group_id; Type: FK CONSTRAINT; Schema: public; Owner: -
--

ALTER TABLE ONLY public.auth_user_groups
    ADD CONSTRAINT auth_user_groups_group_id_97559544_fk_auth_group_id FOREIGN KEY (group_id) REFERENCES public.auth_group(id) DEFERRABLE INITIALLY DEFERRED;


--
-- Name: auth_user_groups auth_user_groups_user_id_6a12ed8b_fk_auth_user_id; Type: FK CONSTRAINT; Schema: public; Owner: -
--

ALTER TABLE ONLY public.auth_user_groups
    ADD CONSTRAINT auth_user_groups_user_id_6a12ed8b_fk_auth_user_id FOREIGN KEY (user_id) REFERENCES public.auth_user(id) DEFERRABLE INITIALLY DEFERRED;


--
-- Name: auth_user_user_permissions auth_user_user_permi_permission_id_1fbb5f2c_fk_auth_perm; Type: FK CONSTRAINT; Schema: public; Owner: -
--

ALTER TABLE ONLY public.auth_user_user_permissions
    ADD CONSTRAINT auth_user_user_permi_permission_id_1fbb5f2c_fk_auth_perm FOREIGN KEY (permission_id) REFERENCES public.auth_permission(id) DEFERRABLE INITIALLY DEFERRED;


--
-- Name: auth_user_user_permissions auth_user_user_permissions_user_id_a95ead1b_fk_auth_user_id; Type: FK CONSTRAINT; Schema: public; Owner: -
--

ALTER TABLE ONLY public.auth_user_user_permissions
    ADD CONSTRAINT auth_user_user_permissions_user_id_a95ead1b_fk_auth_user_id FOREIGN KEY (user_id) REFERENCES public.auth_user(id) DEFERRABLE INITIALLY DEFERRED;


--
-- Name: authentication_customuser_user_permissions authentication_custo_customuser_id_33d2a5f7_fk_authentic; Type: FK CONSTRAINT; Schema: public; Owner: -
--

ALTER TABLE ONLY public.authentication_customuser_user_permissions
    ADD CONSTRAINT authentication_custo_customuser_id_33d2a5f7_fk_authentic FOREIGN KEY (customuser_id) REFERENCES public.authentication_customuser(id) DEFERRABLE INITIALLY DEFERRED;


--
-- Name: authentication_customuser_groups authentication_custo_customuser_id_a7d1343c_fk_authentic; Type: FK CONSTRAINT; Schema: public; Owner: -
--

ALTER TABLE ONLY public.authentication_customuser_groups
    ADD CONSTRAINT authentication_custo_customuser_id_a7d1343c_fk_authentic FOREIGN KEY (customuser_id) REFERENCES public.authentication_customuser(id) DEFERRABLE INITIALLY DEFERRED;


--
-- Name: authentication_customuser_groups authentication_custo_group_id_c5ef1d10_fk_auth_grou; Type: FK CONSTRAINT; Schema: public; Owner: -
--

ALTER TABLE ONLY public.authentication_customuser_groups
    ADD CONSTRAINT authentication_custo_group_id_c5ef1d10_fk_auth_grou FOREIGN KEY (group_id) REFERENCES public.auth_group(id) DEFERRABLE INITIALLY DEFERRED;


--
-- Name: authentication_customuser_user_permissions authentication_custo_permission_id_e47332af_fk_auth_perm; Type: FK CONSTRAINT; Schema: public; Owner: -
--

ALTER TABLE ONLY public.authentication_customuser_user_permissions
    ADD CONSTRAINT authentication_custo_permission_id_e47332af_fk_auth_perm FOREIGN KEY (permission_id) REFERENCES public.auth_permission(id) DEFERRABLE INITIALLY DEFERRED;


--
-- Name: authtoken_token authtoken_token_user_id_35299eff_fk_auth_user_id; Type: FK CONSTRAINT; Schema: public; Owner: -
--

ALTER TABLE ONLY public.authtoken_token
    ADD CONSTRAINT authtoken_token_user_id_35299eff_fk_auth_user_id FOREIGN KEY (user_id) REFERENCES public.auth_user(id) DEFERRABLE INITIALLY DEFERRED;


--
-- Name: core_debtor core_debtor_created_by_id_7dc64213_fk_authentic; Type: FK CONSTRAINT; Schema: public; Owner: -
--

ALTER TABLE ONLY public.core_debtor
    ADD CONSTRAINT core_debtor_created_by_id_7dc64213_fk_authentic FOREIGN KEY (created_by_id) REFERENCES public.authentication_customuser(id) DEFERRABLE INITIALLY DEFERRED;


--
-- Name: core_debtor core_debtor_iban_id_ac5873ed_fk_core_iban_id; Type: FK CONSTRAINT; Schema: public; Owner: -
--

ALTER TABLE ONLY public.core_debtor
    ADD CONSTRAINT core_debtor_iban_id_ac5873ed_fk_core_iban_id FOREIGN KEY (iban_id) REFERENCES public.core_iban(id) DEFERRABLE INITIALLY DEFERRED;


--
-- Name: core_iban core_iban_created_by_id_bd6d179a_fk_authentic; Type: FK CONSTRAINT; Schema: public; Owner: -
--

ALTER TABLE ONLY public.core_iban
    ADD CONSTRAINT core_iban_created_by_id_bd6d179a_fk_authentic FOREIGN KEY (created_by_id) REFERENCES public.authentication_customuser(id) DEFERRABLE INITIALLY DEFERRED;


--
-- Name: core_paymentresponse core_paymentresponse_payment_id_id_7dbdef17_fk_transfers; Type: FK CONSTRAINT; Schema: public; Owner: -
--

ALTER TABLE ONLY public.core_paymentresponse
    ADD CONSTRAINT core_paymentresponse_payment_id_id_7dbdef17_fk_transfers FOREIGN KEY (payment_id_id) REFERENCES public.transfers_sepa3(id) DEFERRABLE INITIALLY DEFERRED;


--
-- Name: core_paymentresponse core_paymentresponse_transaction_status_i_b6d357f3_fk_core_tran; Type: FK CONSTRAINT; Schema: public; Owner: -
--

ALTER TABLE ONLY public.core_paymentresponse
    ADD CONSTRAINT core_paymentresponse_transaction_status_i_b6d357f3_fk_core_tran FOREIGN KEY (transaction_status_id) REFERENCES public.core_transactionstatus(id) DEFERRABLE INITIALLY DEFERRED;


--
-- Name: core_statusresponse core_statusresponse_code_id_afee82cb_fk_core_tran; Type: FK CONSTRAINT; Schema: public; Owner: -
--

ALTER TABLE ONLY public.core_statusresponse
    ADD CONSTRAINT core_statusresponse_code_id_afee82cb_fk_core_tran FOREIGN KEY (code_id) REFERENCES public.core_transactionstatus(id) DEFERRABLE INITIALLY DEFERRED;


--
-- Name: django_admin_log django_admin_log_content_type_id_c4bce8eb_fk_django_co; Type: FK CONSTRAINT; Schema: public; Owner: -
--

ALTER TABLE ONLY public.django_admin_log
    ADD CONSTRAINT django_admin_log_content_type_id_c4bce8eb_fk_django_co FOREIGN KEY (content_type_id) REFERENCES public.django_content_type(id) DEFERRABLE INITIALLY DEFERRED;


--
-- Name: django_admin_log django_admin_log_user_id_c564eba6_fk_auth_user_id; Type: FK CONSTRAINT; Schema: public; Owner: -
--

ALTER TABLE ONLY public.django_admin_log
    ADD CONSTRAINT django_admin_log_user_id_c564eba6_fk_auth_user_id FOREIGN KEY (user_id) REFERENCES public.auth_user(id) DEFERRABLE INITIALLY DEFERRED;


--
-- Name: gpt4_creditoraccount gpt4_creditoraccount_creditor_id_c83bfa94_fk_gpt4_creditor_id; Type: FK CONSTRAINT; Schema: public; Owner: -
--

ALTER TABLE ONLY public.gpt4_creditoraccount
    ADD CONSTRAINT gpt4_creditoraccount_creditor_id_c83bfa94_fk_gpt4_creditor_id FOREIGN KEY (creditor_id) REFERENCES public.gpt4_creditor(id) DEFERRABLE INITIALLY DEFERRED;


--
-- Name: gpt4_debtoraccount gpt4_debtoraccount_debtor_id_1df483ce_fk_gpt4_debtor_id; Type: FK CONSTRAINT; Schema: public; Owner: -
--

ALTER TABLE ONLY public.gpt4_debtoraccount
    ADD CONSTRAINT gpt4_debtoraccount_debtor_id_1df483ce_fk_gpt4_debtor_id FOREIGN KEY (debtor_id) REFERENCES public.gpt4_debtor(id) DEFERRABLE INITIALLY DEFERRED;


--
-- Name: gpt4_transfer gpt4_transfer_client_id_d2c1b8e3_fk_gpt4_clientid_codigo; Type: FK CONSTRAINT; Schema: public; Owner: -
--

ALTER TABLE ONLY public.gpt4_transfer
    ADD CONSTRAINT gpt4_transfer_client_id_d2c1b8e3_fk_gpt4_clientid_codigo FOREIGN KEY (client_id) REFERENCES public.gpt4_clientid(codigo) DEFERRABLE INITIALLY DEFERRED;


--
-- Name: gpt4_transfer gpt4_transfer_creditor_account_id_90b37354_fk_gpt4_cred; Type: FK CONSTRAINT; Schema: public; Owner: -
--

ALTER TABLE ONLY public.gpt4_transfer
    ADD CONSTRAINT gpt4_transfer_creditor_account_id_90b37354_fk_gpt4_cred FOREIGN KEY (creditor_account_id) REFERENCES public.gpt4_creditoraccount(id) DEFERRABLE INITIALLY DEFERRED;


--
-- Name: gpt4_transfer gpt4_transfer_creditor_agent_id_1a980781_fk_gpt4_cred; Type: FK CONSTRAINT; Schema: public; Owner: -
--

ALTER TABLE ONLY public.gpt4_transfer
    ADD CONSTRAINT gpt4_transfer_creditor_agent_id_1a980781_fk_gpt4_cred FOREIGN KEY (creditor_agent_id) REFERENCES public.gpt4_creditoragent(id) DEFERRABLE INITIALLY DEFERRED;


--
-- Name: gpt4_transfer gpt4_transfer_creditor_id_0cb87fa0_fk_gpt4_creditor_id; Type: FK CONSTRAINT; Schema: public; Owner: -
--

ALTER TABLE ONLY public.gpt4_transfer
    ADD CONSTRAINT gpt4_transfer_creditor_id_0cb87fa0_fk_gpt4_creditor_id FOREIGN KEY (creditor_id) REFERENCES public.gpt4_creditor(id) DEFERRABLE INITIALLY DEFERRED;


--
-- Name: gpt4_transfer gpt4_transfer_debtor_account_id_5b771f23_fk_gpt4_debt; Type: FK CONSTRAINT; Schema: public; Owner: -
--

ALTER TABLE ONLY public.gpt4_transfer
    ADD CONSTRAINT gpt4_transfer_debtor_account_id_5b771f23_fk_gpt4_debt FOREIGN KEY (debtor_account_id) REFERENCES public.gpt4_debtoraccount(id) DEFERRABLE INITIALLY DEFERRED;


--
-- Name: gpt4_transfer gpt4_transfer_debtor_id_0dce2b00_fk_gpt4_debtor_id; Type: FK CONSTRAINT; Schema: public; Owner: -
--

ALTER TABLE ONLY public.gpt4_transfer
    ADD CONSTRAINT gpt4_transfer_debtor_id_0dce2b00_fk_gpt4_debtor_id FOREIGN KEY (debtor_id) REFERENCES public.gpt4_debtor(id) DEFERRABLE INITIALLY DEFERRED;


--
-- Name: gpt4_transfer gpt4_transfer_kid_id_69d5b9d8_fk_gpt4_kid_codigo; Type: FK CONSTRAINT; Schema: public; Owner: -
--

ALTER TABLE ONLY public.gpt4_transfer
    ADD CONSTRAINT gpt4_transfer_kid_id_69d5b9d8_fk_gpt4_kid_codigo FOREIGN KEY (kid_id) REFERENCES public.gpt4_kid(codigo) DEFERRABLE INITIALLY DEFERRED;


--
-- Name: gpt4_transfer gpt4_transfer_payment_identificati_ec6bbdd2_fk_gpt4_paym; Type: FK CONSTRAINT; Schema: public; Owner: -
--

ALTER TABLE ONLY public.gpt4_transfer
    ADD CONSTRAINT gpt4_transfer_payment_identificati_ec6bbdd2_fk_gpt4_paym FOREIGN KEY (payment_identification_id) REFERENCES public.gpt4_paymentidentification(id) DEFERRABLE INITIALLY DEFERRED;


--
-- Name: oauth2_provider_accesstoken oauth2_provider_acce_application_id_b22886e1_fk_oauth2_pr; Type: FK CONSTRAINT; Schema: public; Owner: -
--

ALTER TABLE ONLY public.oauth2_provider_accesstoken
    ADD CONSTRAINT oauth2_provider_acce_application_id_b22886e1_fk_oauth2_pr FOREIGN KEY (application_id) REFERENCES public.oauth2_provider_application(id) DEFERRABLE INITIALLY DEFERRED;


--
-- Name: oauth2_provider_accesstoken oauth2_provider_acce_id_token_id_85db651b_fk_oauth2_pr; Type: FK CONSTRAINT; Schema: public; Owner: -
--

ALTER TABLE ONLY public.oauth2_provider_accesstoken
    ADD CONSTRAINT oauth2_provider_acce_id_token_id_85db651b_fk_oauth2_pr FOREIGN KEY (id_token_id) REFERENCES public.oauth2_provider_idtoken(id) DEFERRABLE INITIALLY DEFERRED;


--
-- Name: oauth2_provider_accesstoken oauth2_provider_acce_source_refresh_token_e66fbc72_fk_oauth2_pr; Type: FK CONSTRAINT; Schema: public; Owner: -
--

ALTER TABLE ONLY public.oauth2_provider_accesstoken
    ADD CONSTRAINT oauth2_provider_acce_source_refresh_token_e66fbc72_fk_oauth2_pr FOREIGN KEY (source_refresh_token_id) REFERENCES public.oauth2_provider_refreshtoken(id) DEFERRABLE INITIALLY DEFERRED;


--
-- Name: oauth2_provider_accesstoken oauth2_provider_accesstoken_user_id_6e4c9a65_fk_auth_user_id; Type: FK CONSTRAINT; Schema: public; Owner: -
--

ALTER TABLE ONLY public.oauth2_provider_accesstoken
    ADD CONSTRAINT oauth2_provider_accesstoken_user_id_6e4c9a65_fk_auth_user_id FOREIGN KEY (user_id) REFERENCES public.auth_user(id) DEFERRABLE INITIALLY DEFERRED;


--
-- Name: oauth2_provider_application oauth2_provider_application_user_id_79829054_fk_auth_user_id; Type: FK CONSTRAINT; Schema: public; Owner: -
--

ALTER TABLE ONLY public.oauth2_provider_application
    ADD CONSTRAINT oauth2_provider_application_user_id_79829054_fk_auth_user_id FOREIGN KEY (user_id) REFERENCES public.auth_user(id) DEFERRABLE INITIALLY DEFERRED;


--
-- Name: oauth2_provider_grant oauth2_provider_gran_application_id_81923564_fk_oauth2_pr; Type: FK CONSTRAINT; Schema: public; Owner: -
--

ALTER TABLE ONLY public.oauth2_provider_grant
    ADD CONSTRAINT oauth2_provider_gran_application_id_81923564_fk_oauth2_pr FOREIGN KEY (application_id) REFERENCES public.oauth2_provider_application(id) DEFERRABLE INITIALLY DEFERRED;


--
-- Name: oauth2_provider_grant oauth2_provider_grant_user_id_e8f62af8_fk_auth_user_id; Type: FK CONSTRAINT; Schema: public; Owner: -
--

ALTER TABLE ONLY public.oauth2_provider_grant
    ADD CONSTRAINT oauth2_provider_grant_user_id_e8f62af8_fk_auth_user_id FOREIGN KEY (user_id) REFERENCES public.auth_user(id) DEFERRABLE INITIALLY DEFERRED;


--
-- Name: oauth2_provider_idtoken oauth2_provider_idto_application_id_08c5ff4f_fk_oauth2_pr; Type: FK CONSTRAINT; Schema: public; Owner: -
--

ALTER TABLE ONLY public.oauth2_provider_idtoken
    ADD CONSTRAINT oauth2_provider_idto_application_id_08c5ff4f_fk_oauth2_pr FOREIGN KEY (application_id) REFERENCES public.oauth2_provider_application(id) DEFERRABLE INITIALLY DEFERRED;


--
-- Name: oauth2_provider_idtoken oauth2_provider_idtoken_user_id_dd512b59_fk_auth_user_id; Type: FK CONSTRAINT; Schema: public; Owner: -
--

ALTER TABLE ONLY public.oauth2_provider_idtoken
    ADD CONSTRAINT oauth2_provider_idtoken_user_id_dd512b59_fk_auth_user_id FOREIGN KEY (user_id) REFERENCES public.auth_user(id) DEFERRABLE INITIALLY DEFERRED;


--
-- Name: oauth2_provider_refreshtoken oauth2_provider_refr_access_token_id_775e84e8_fk_oauth2_pr; Type: FK CONSTRAINT; Schema: public; Owner: -
--

ALTER TABLE ONLY public.oauth2_provider_refreshtoken
    ADD CONSTRAINT oauth2_provider_refr_access_token_id_775e84e8_fk_oauth2_pr FOREIGN KEY (access_token_id) REFERENCES public.oauth2_provider_accesstoken(id) DEFERRABLE INITIALLY DEFERRED;


--
-- Name: oauth2_provider_refreshtoken oauth2_provider_refr_application_id_2d1c311b_fk_oauth2_pr; Type: FK CONSTRAINT; Schema: public; Owner: -
--

ALTER TABLE ONLY public.oauth2_provider_refreshtoken
    ADD CONSTRAINT oauth2_provider_refr_application_id_2d1c311b_fk_oauth2_pr FOREIGN KEY (application_id) REFERENCES public.oauth2_provider_application(id) DEFERRABLE INITIALLY DEFERRED;


--
-- Name: oauth2_provider_refreshtoken oauth2_provider_refreshtoken_user_id_da837fce_fk_auth_user_id; Type: FK CONSTRAINT; Schema: public; Owner: -
--

ALTER TABLE ONLY public.oauth2_provider_refreshtoken
    ADD CONSTRAINT oauth2_provider_refreshtoken_user_id_da837fce_fk_auth_user_id FOREIGN KEY (user_id) REFERENCES public.auth_user(id) DEFERRABLE INITIALLY DEFERRED;


--
-- Name: transfers_sepa2 transfers_sepa2_created_by_id_da6e7492_fk_authentic; Type: FK CONSTRAINT; Schema: public; Owner: -
--

ALTER TABLE ONLY public.transfers_sepa2
    ADD CONSTRAINT transfers_sepa2_created_by_id_da6e7492_fk_authentic FOREIGN KEY (created_by_id) REFERENCES public.authentication_customuser(id) DEFERRABLE INITIALLY DEFERRED;


--
-- Name: transfers_sepa3 transfers_sepa3_created_by_id_bb359bd3_fk_authentic; Type: FK CONSTRAINT; Schema: public; Owner: -
--

ALTER TABLE ONLY public.transfers_sepa3
    ADD CONSTRAINT transfers_sepa3_created_by_id_bb359bd3_fk_authentic FOREIGN KEY (created_by_id) REFERENCES public.authentication_customuser(id) DEFERRABLE INITIALLY DEFERRED;


--
-- PostgreSQL database dump complete
--

